ID,Unit,Lesson,Concept,Question,A,B,C,D,Answer,Explanation,Source
Q001,U1,1,ความหมายของ Self-Management,ข้อใดอธิบาย “ความหมายของ Self-Management” ได้ถูกต้องที่สุด?,การเสริมแรงตนเองคือการให้รางวัลหรือกำลังใจตนเองเมื่อทำตามเป้าหมาย เพื่อคงแรงจูงใจภายใน,ผู้ป่วยเป็นศูนย์กลางและจัดการอาการ การรักษา ผลกระทบทางกาย–จิตสังคม และการปรับวิถีชีวิตร่วมกับทีมสุขภาพ,การติดตามตนเองคือการสังเกตและบันทึกพฤติกรรม อาการ หรือข้อมูลสุขภาพของตนเองอย่างเป็นระบบ,การประเมินตนเองคือการนำข้อมูลที่ติดตามไว้มาเทียบกับเป้าหมายหรือมาตรฐานเพื่อดูว่าต้องปรับอะไร,B,หลักสำคัญ: ผู้ป่วยเป็นศูนย์กลางและจัดการอาการ การรักษา ผลกระทบทางกาย–จิตสังคม และการปรับวิถีชีวิตร่วมกับทีมสุขภาพ การปฏิบัติที่สอดคล้อง: ประเมินสิ่งที่ผู้ป่วยทำได้จริง แล้วร่วมกำหนดเป้าหมายและแผนที่ผู้ป่วยมีส่วนตัดสินใจ เป้าหมาย: เพิ่มความสามารถในการดูแลตนเองและความต่อเนื่องของพฤติกรรมสุขภาพ,Self-Management CKD pp.4–5
Q002,U1,1,ความหมายของ Self-Management,การปฏิบัติใดสอดคล้องกับ “ความหมายของ Self-Management” มากที่สุด?,ช่วยผู้ป่วยกำหนดวิธีให้กำลังใจตนเองและปรับแผนเมื่อยังไม่บรรลุเป้าหมาย,ประเมินสิ่งที่ผู้ป่วยทำได้จริง แล้วร่วมกำหนดเป้าหมายและแผนที่ผู้ป่วยมีส่วนตัดสินใจ,ให้ผู้ป่วยติดตามข้อมูลที่มีความหมาย เช่น น้ำหนัก ความดัน อาการบวม หรือการรับประทานยา,ทบทวนข้อมูลร่วมกับผู้ป่วยและถามว่าผลที่เกิดขึ้นตรงเป้าหมายเพียงใด,B,หลักสำคัญ: ผู้ป่วยเป็นศูนย์กลางและจัดการอาการ การรักษา ผลกระทบทางกาย–จิตสังคม และการปรับวิถีชีวิตร่วมกับทีมสุขภาพ การปฏิบัติที่สอดคล้อง: ประเมินสิ่งที่ผู้ป่วยทำได้จริง แล้วร่วมกำหนดเป้าหมายและแผนที่ผู้ป่วยมีส่วนตัดสินใจ เป้าหมาย: เพิ่มความสามารถในการดูแลตนเองและความต่อเนื่องของพฤติกรรมสุขภาพ,Self-Management CKD pp.4–5
Q003,U1,1,ความหมายของ Self-Management,ผลลัพธ์หรือเป้าหมายใดสัมพันธ์กับ “ความหมายของ Self-Management” โดยตรงที่สุด?,เพิ่มความยั่งยืนของพฤติกรรมที่เหมาะสม,ผู้ป่วยเห็นช่องว่างระหว่างพฤติกรรมจริงกับเป้าหมาย,ตรวจพบการเปลี่ยนแปลงและอุปสรรคได้เร็วขึ้น,เพิ่มความสามารถในการดูแลตนเองและความต่อเนื่องของพฤติกรรมสุขภาพ,D,หลักสำคัญ: ผู้ป่วยเป็นศูนย์กลางและจัดการอาการ การรักษา ผลกระทบทางกาย–จิตสังคม และการปรับวิถีชีวิตร่วมกับทีมสุขภาพ การปฏิบัติที่สอดคล้อง: ประเมินสิ่งที่ผู้ป่วยทำได้จริง แล้วร่วมกำหนดเป้าหมายและแผนที่ผู้ป่วยมีส่วนตัดสินใจ เป้าหมาย: เพิ่มความสามารถในการดูแลตนเองและความต่อเนื่องของพฤติกรรมสุขภาพ,Self-Management CKD pp.4–5
Q004,U1,2,Self-Monitoring,ข้อใดอธิบาย “Self-Monitoring” ได้ถูกต้องที่สุด?,การเสริมแรงตนเองคือการให้รางวัลหรือกำลังใจตนเองเมื่อทำตามเป้าหมาย เพื่อคงแรงจูงใจภายใน,การติดตามตนเองคือการสังเกตและบันทึกพฤติกรรม อาการ หรือข้อมูลสุขภาพของตนเองอย่างเป็นระบบ,การประเมินตนเองคือการนำข้อมูลที่ติดตามไว้มาเทียบกับเป้าหมายหรือมาตรฐานเพื่อดูว่าต้องปรับอะไร,ทักษะสำคัญประกอบด้วยการแก้ปัญหา การตัดสินใจ การใช้ทรัพยากร การร่วมมือกับทีมสุขภาพ การลงมือปฏิบัติ และ self-efficacy,B,หลักสำคัญ: การติดตามตนเองคือการสังเกตและบันทึกพฤติกรรม อาการ หรือข้อมูลสุขภาพของตนเองอย่างเป็นระบบ การปฏิบัติที่สอดคล้อง: ให้ผู้ป่วยติดตามข้อมูลที่มีความหมาย เช่น น้ำหนัก ความดัน อาการบวม หรือการรับประทานยา เป้าหมาย: ตรวจพบการเปลี่ยนแปลงและอุปสรรคได้เร็วขึ้น,Self-Management CKD p.6
Q005,U1,2,Self-Monitoring,การปฏิบัติใดสอดคล้องกับ “Self-Monitoring” มากที่สุด?,ทบทวนข้อมูลร่วมกับผู้ป่วยและถามว่าผลที่เกิดขึ้นตรงเป้าหมายเพียงใด,ฝึกให้ผู้ป่วยเลือกทางแก้ปัญหาจริงและรู้ว่าจะขอความช่วยเหลือจากใครเมื่อจำเป็น,ช่วยผู้ป่วยกำหนดวิธีให้กำลังใจตนเองและปรับแผนเมื่อยังไม่บรรลุเป้าหมาย,ให้ผู้ป่วยติดตามข้อมูลที่มีความหมาย เช่น น้ำหนัก ความดัน อาการบวม หรือการรับประทานยา,D,หลักสำคัญ: การติดตามตนเองคือการสังเกตและบันทึกพฤติกรรม อาการ หรือข้อมูลสุขภาพของตนเองอย่างเป็นระบบ การปฏิบัติที่สอดคล้อง: ให้ผู้ป่วยติดตามข้อมูลที่มีความหมาย เช่น น้ำหนัก ความดัน อาการบวม หรือการรับประทานยา เป้าหมาย: ตรวจพบการเปลี่ยนแปลงและอุปสรรคได้เร็วขึ้น,Self-Management CKD p.6
Q006,U1,2,Self-Monitoring,ผลลัพธ์หรือเป้าหมายใดสัมพันธ์กับ “Self-Monitoring” โดยตรงที่สุด?,ผู้ป่วยตัดสินใจและลงมือดูแลตนเองได้ดีขึ้น,ผู้ป่วยเห็นช่องว่างระหว่างพฤติกรรมจริงกับเป้าหมาย,เพิ่มความยั่งยืนของพฤติกรรมที่เหมาะสม,ตรวจพบการเปลี่ยนแปลงและอุปสรรคได้เร็วขึ้น,D,หลักสำคัญ: การติดตามตนเองคือการสังเกตและบันทึกพฤติกรรม อาการ หรือข้อมูลสุขภาพของตนเองอย่างเป็นระบบ การปฏิบัติที่สอดคล้อง: ให้ผู้ป่วยติดตามข้อมูลที่มีความหมาย เช่น น้ำหนัก ความดัน อาการบวม หรือการรับประทานยา เป้าหมาย: ตรวจพบการเปลี่ยนแปลงและอุปสรรคได้เร็วขึ้น,Self-Management CKD p.6
Q007,U1,3,Self-Evaluation,ข้อใดอธิบาย “Self-Evaluation” ได้ถูกต้องที่สุด?,"การจัดการตนเองครอบคลุม Medical management, Role management และ Emotional management",การเสริมแรงตนเองคือการให้รางวัลหรือกำลังใจตนเองเมื่อทำตามเป้าหมาย เพื่อคงแรงจูงใจภายใน,การประเมินตนเองคือการนำข้อมูลที่ติดตามไว้มาเทียบกับเป้าหมายหรือมาตรฐานเพื่อดูว่าต้องปรับอะไร,ทักษะสำคัญประกอบด้วยการแก้ปัญหา การตัดสินใจ การใช้ทรัพยากร การร่วมมือกับทีมสุขภาพ การลงมือปฏิบัติ และ self-efficacy,C,หลักสำคัญ: การประเมินตนเองคือการนำข้อมูลที่ติดตามไว้มาเทียบกับเป้าหมายหรือมาตรฐานเพื่อดูว่าต้องปรับอะไร การปฏิบัติที่สอดคล้อง: ทบทวนข้อมูลร่วมกับผู้ป่วยและถามว่าผลที่เกิดขึ้นตรงเป้าหมายเพียงใด เป้าหมาย: ผู้ป่วยเห็นช่องว่างระหว่างพฤติกรรมจริงกับเป้าหมาย,Self-Management CKD p.6
Q008,U1,3,Self-Evaluation,การปฏิบัติใดสอดคล้องกับ “Self-Evaluation” มากที่สุด?,ช่วยผู้ป่วยกำหนดวิธีให้กำลังใจตนเองและปรับแผนเมื่อยังไม่บรรลุเป้าหมาย,ทบทวนข้อมูลร่วมกับผู้ป่วยและถามว่าผลที่เกิดขึ้นตรงเป้าหมายเพียงใด,ประเมินทั้งการรักษา บทบาทชีวิต/งาน/ครอบครัว และผลกระทบทางอารมณ์ ไม่เน้นเฉพาะยาและอาหาร,ฝึกให้ผู้ป่วยเลือกทางแก้ปัญหาจริงและรู้ว่าจะขอความช่วยเหลือจากใครเมื่อจำเป็น,B,หลักสำคัญ: การประเมินตนเองคือการนำข้อมูลที่ติดตามไว้มาเทียบกับเป้าหมายหรือมาตรฐานเพื่อดูว่าต้องปรับอะไร การปฏิบัติที่สอดคล้อง: ทบทวนข้อมูลร่วมกับผู้ป่วยและถามว่าผลที่เกิดขึ้นตรงเป้าหมายเพียงใด เป้าหมาย: ผู้ป่วยเห็นช่องว่างระหว่างพฤติกรรมจริงกับเป้าหมาย,Self-Management CKD p.6
Q009,U1,3,Self-Evaluation,ผลลัพธ์หรือเป้าหมายใดสัมพันธ์กับ “Self-Evaluation” โดยตรงที่สุด?,ผู้ป่วยตัดสินใจและลงมือดูแลตนเองได้ดีขึ้น,เพิ่มความยั่งยืนของพฤติกรรมที่เหมาะสม,แผนดูแลครอบคลุมชีวิตจริงและคุณภาพชีวิตของผู้ป่วย,ผู้ป่วยเห็นช่องว่างระหว่างพฤติกรรมจริงกับเป้าหมาย,D,หลักสำคัญ: การประเมินตนเองคือการนำข้อมูลที่ติดตามไว้มาเทียบกับเป้าหมายหรือมาตรฐานเพื่อดูว่าต้องปรับอะไร การปฏิบัติที่สอดคล้อง: ทบทวนข้อมูลร่วมกับผู้ป่วยและถามว่าผลที่เกิดขึ้นตรงเป้าหมายเพียงใด เป้าหมาย: ผู้ป่วยเห็นช่องว่างระหว่างพฤติกรรมจริงกับเป้าหมาย,Self-Management CKD p.6
Q010,U1,4,Self-Reinforcement,ข้อใดอธิบาย “Self-Reinforcement” ได้ถูกต้องที่สุด?,"5A คือ Assess, Advise, Agree, Assist และ Arrange ใช้เป็นวงจรสนับสนุนการเปลี่ยนพฤติกรรม",การเสริมแรงตนเองคือการให้รางวัลหรือกำลังใจตนเองเมื่อทำตามเป้าหมาย เพื่อคงแรงจูงใจภายใน,ทักษะสำคัญประกอบด้วยการแก้ปัญหา การตัดสินใจ การใช้ทรัพยากร การร่วมมือกับทีมสุขภาพ การลงมือปฏิบัติ และ self-efficacy,"การจัดการตนเองครอบคลุม Medical management, Role management และ Emotional management",B,หลักสำคัญ: การเสริมแรงตนเองคือการให้รางวัลหรือกำลังใจตนเองเมื่อทำตามเป้าหมาย เพื่อคงแรงจูงใจภายใน การปฏิบัติที่สอดคล้อง: ช่วยผู้ป่วยกำหนดวิธีให้กำลังใจตนเองและปรับแผนเมื่อยังไม่บรรลุเป้าหมาย เป้าหมาย: เพิ่มความยั่งยืนของพฤติกรรมที่เหมาะสม,Self-Management CKD p.6
Q011,U1,4,Self-Reinforcement,การปฏิบัติใดสอดคล้องกับ “Self-Reinforcement” มากที่สุด?,ฝึกให้ผู้ป่วยเลือกทางแก้ปัญหาจริงและรู้ว่าจะขอความช่วยเหลือจากใครเมื่อจำเป็น,ประเมินความพร้อม ให้คำแนะนำเฉพาะบุคคล ตั้ง SMART goal ร่วมกัน ช่วยแก้อุปสรรค และนัดติดตาม,ประเมินทั้งการรักษา บทบาทชีวิต/งาน/ครอบครัว และผลกระทบทางอารมณ์ ไม่เน้นเฉพาะยาและอาหาร,ช่วยผู้ป่วยกำหนดวิธีให้กำลังใจตนเองและปรับแผนเมื่อยังไม่บรรลุเป้าหมาย,D,หลักสำคัญ: การเสริมแรงตนเองคือการให้รางวัลหรือกำลังใจตนเองเมื่อทำตามเป้าหมาย เพื่อคงแรงจูงใจภายใน การปฏิบัติที่สอดคล้อง: ช่วยผู้ป่วยกำหนดวิธีให้กำลังใจตนเองและปรับแผนเมื่อยังไม่บรรลุเป้าหมาย เป้าหมาย: เพิ่มความยั่งยืนของพฤติกรรมที่เหมาะสม,Self-Management CKD p.6
Q012,U1,4,Self-Reinforcement,ผลลัพธ์หรือเป้าหมายใดสัมพันธ์กับ “Self-Reinforcement” โดยตรงที่สุด?,ผู้ป่วยตัดสินใจและลงมือดูแลตนเองได้ดีขึ้น,แผนดูแลครอบคลุมชีวิตจริงและคุณภาพชีวิตของผู้ป่วย,เพิ่มโอกาสที่เป้าหมายจะนำไปปฏิบัติจริงและติดตามต่อเนื่อง,เพิ่มความยั่งยืนของพฤติกรรมที่เหมาะสม,D,หลักสำคัญ: การเสริมแรงตนเองคือการให้รางวัลหรือกำลังใจตนเองเมื่อทำตามเป้าหมาย เพื่อคงแรงจูงใจภายใน การปฏิบัติที่สอดคล้อง: ช่วยผู้ป่วยกำหนดวิธีให้กำลังใจตนเองและปรับแผนเมื่อยังไม่บรรลุเป้าหมาย เป้าหมาย: เพิ่มความยั่งยืนของพฤติกรรมที่เหมาะสม,Self-Management CKD p.6
Q013,U1,5,Core Self-Management Skills,ข้อใดอธิบาย “Core Self-Management Skills” ได้ถูกต้องที่สุด?,"การจัดการตนเองครอบคลุม Medical management, Role management และ Emotional management",Teach-back ตรวจความเข้าใจโดยให้ผู้ป่วยอธิบายหรือสาธิตกลับด้วยคำของตนเอง ไม่ใช่ถามเพียงว่าเข้าใจหรือไม่,"5A คือ Assess, Advise, Agree, Assist และ Arrange ใช้เป็นวงจรสนับสนุนการเปลี่ยนพฤติกรรม",ทักษะสำคัญประกอบด้วยการแก้ปัญหา การตัดสินใจ การใช้ทรัพยากร การร่วมมือกับทีมสุขภาพ การลงมือปฏิบัติ และ self-efficacy,D,หลักสำคัญ: ทักษะสำคัญประกอบด้วยการแก้ปัญหา การตัดสินใจ การใช้ทรัพยากร การร่วมมือกับทีมสุขภาพ การลงมือปฏิบัติ และ self-efficacy การปฏิบัติที่สอดคล้อง: ฝึกให้ผู้ป่วยเลือกทางแก้ปัญหาจริงและรู้ว่าจะขอความช่วยเหลือจากใครเมื่อจำเป็น เป้าหมาย: ผู้ป่วยตัดสินใจและลงมือดูแลตนเองได้ดีขึ้น,Self-Management CKD p.7
Q014,U1,5,Core Self-Management Skills,การปฏิบัติใดสอดคล้องกับ “Core Self-Management Skills” มากที่สุด?,ฝึกให้ผู้ป่วยเลือกทางแก้ปัญหาจริงและรู้ว่าจะขอความช่วยเหลือจากใครเมื่อจำเป็น,ประเมินความพร้อม ให้คำแนะนำเฉพาะบุคคล ตั้ง SMART goal ร่วมกัน ช่วยแก้อุปสรรค และนัดติดตาม,ประเมินทั้งการรักษา บทบาทชีวิต/งาน/ครอบครัว และผลกระทบทางอารมณ์ ไม่เน้นเฉพาะยาและอาหาร,หลังให้ข้อมูล ให้ผู้ป่วยเล่ากลับว่าต้องทำอะไร และอธิบายใหม่หากยังไม่ครบ,A,หลักสำคัญ: ทักษะสำคัญประกอบด้วยการแก้ปัญหา การตัดสินใจ การใช้ทรัพยากร การร่วมมือกับทีมสุขภาพ การลงมือปฏิบัติ และ self-efficacy การปฏิบัติที่สอดคล้อง: ฝึกให้ผู้ป่วยเลือกทางแก้ปัญหาจริงและรู้ว่าจะขอความช่วยเหลือจากใครเมื่อจำเป็น เป้าหมาย: ผู้ป่วยตัดสินใจและลงมือดูแลตนเองได้ดีขึ้น,Self-Management CKD p.7
Q015,U1,5,Core Self-Management Skills,ผลลัพธ์หรือเป้าหมายใดสัมพันธ์กับ “Core Self-Management Skills” โดยตรงที่สุด?,ผู้ป่วยตัดสินใจและลงมือดูแลตนเองได้ดีขึ้น,เพิ่มโอกาสที่เป้าหมายจะนำไปปฏิบัติจริงและติดตามต่อเนื่อง,ลดความคลาดเคลื่อนจากการสื่อสารและเพิ่มความเข้าใจที่นำไปใช้ได้,แผนดูแลครอบคลุมชีวิตจริงและคุณภาพชีวิตของผู้ป่วย,A,หลักสำคัญ: ทักษะสำคัญประกอบด้วยการแก้ปัญหา การตัดสินใจ การใช้ทรัพยากร การร่วมมือกับทีมสุขภาพ การลงมือปฏิบัติ และ self-efficacy การปฏิบัติที่สอดคล้อง: ฝึกให้ผู้ป่วยเลือกทางแก้ปัญหาจริงและรู้ว่าจะขอความช่วยเหลือจากใครเมื่อจำเป็น เป้าหมาย: ผู้ป่วยตัดสินใจและลงมือดูแลตนเองได้ดีขึ้น,Self-Management CKD p.7
Q016,U1,6,สามงานหลักของการจัดการตนเอง,ข้อใดอธิบาย “สามงานหลักของการจัดการตนเอง” ได้ถูกต้องที่สุด?,"5A คือ Assess, Advise, Agree, Assist และ Arrange ใช้เป็นวงจรสนับสนุนการเปลี่ยนพฤติกรรม","การจัดการตนเองครอบคลุม Medical management, Role management และ Emotional management",Teach-back ตรวจความเข้าใจโดยให้ผู้ป่วยอธิบายหรือสาธิตกลับด้วยคำของตนเอง ไม่ใช่ถามเพียงว่าเข้าใจหรือไม่,ผู้ป่วยเป็นศูนย์กลางและจัดการอาการ การรักษา ผลกระทบทางกาย–จิตสังคม และการปรับวิถีชีวิตร่วมกับทีมสุขภาพ,B,"หลักสำคัญ: การจัดการตนเองครอบคลุม Medical management, Role management และ Emotional management การปฏิบัติที่สอดคล้อง: ประเมินทั้งการรักษา บทบาทชีวิต/งาน/ครอบครัว และผลกระทบทางอารมณ์ ไม่เน้นเฉพาะยาและอาหาร เป้าหมาย: แผนดูแลครอบคลุมชีวิตจริงและคุณภาพชีวิตของผู้ป่วย",Self-Management CKD pp.9–10
Q017,U1,6,สามงานหลักของการจัดการตนเอง,การปฏิบัติใดสอดคล้องกับ “สามงานหลักของการจัดการตนเอง” มากที่สุด?,หลังให้ข้อมูล ให้ผู้ป่วยเล่ากลับว่าต้องทำอะไร และอธิบายใหม่หากยังไม่ครบ,ประเมินสิ่งที่ผู้ป่วยทำได้จริง แล้วร่วมกำหนดเป้าหมายและแผนที่ผู้ป่วยมีส่วนตัดสินใจ,ประเมินความพร้อม ให้คำแนะนำเฉพาะบุคคล ตั้ง SMART goal ร่วมกัน ช่วยแก้อุปสรรค และนัดติดตาม,ประเมินทั้งการรักษา บทบาทชีวิต/งาน/ครอบครัว และผลกระทบทางอารมณ์ ไม่เน้นเฉพาะยาและอาหาร,D,"หลักสำคัญ: การจัดการตนเองครอบคลุม Medical management, Role management และ Emotional management การปฏิบัติที่สอดคล้อง: ประเมินทั้งการรักษา บทบาทชีวิต/งาน/ครอบครัว และผลกระทบทางอารมณ์ ไม่เน้นเฉพาะยาและอาหาร เป้าหมาย: แผนดูแลครอบคลุมชีวิตจริงและคุณภาพชีวิตของผู้ป่วย",Self-Management CKD pp.9–10
Q018,U1,6,สามงานหลักของการจัดการตนเอง,ผลลัพธ์หรือเป้าหมายใดสัมพันธ์กับ “สามงานหลักของการจัดการตนเอง” โดยตรงที่สุด?,ลดความคลาดเคลื่อนจากการสื่อสารและเพิ่มความเข้าใจที่นำไปใช้ได้,แผนดูแลครอบคลุมชีวิตจริงและคุณภาพชีวิตของผู้ป่วย,เพิ่มโอกาสที่เป้าหมายจะนำไปปฏิบัติจริงและติดตามต่อเนื่อง,เพิ่มความสามารถในการดูแลตนเองและความต่อเนื่องของพฤติกรรมสุขภาพ,B,"หลักสำคัญ: การจัดการตนเองครอบคลุม Medical management, Role management และ Emotional management การปฏิบัติที่สอดคล้อง: ประเมินทั้งการรักษา บทบาทชีวิต/งาน/ครอบครัว และผลกระทบทางอารมณ์ ไม่เน้นเฉพาะยาและอาหาร เป้าหมาย: แผนดูแลครอบคลุมชีวิตจริงและคุณภาพชีวิตของผู้ป่วย",Self-Management CKD pp.9–10
Q019,U1,7,แนวทาง 5A,ข้อใดอธิบาย “แนวทาง 5A” ได้ถูกต้องที่สุด?,ผู้ป่วยเป็นศูนย์กลางและจัดการอาการ การรักษา ผลกระทบทางกาย–จิตสังคม และการปรับวิถีชีวิตร่วมกับทีมสุขภาพ,การติดตามตนเองคือการสังเกตและบันทึกพฤติกรรม อาการ หรือข้อมูลสุขภาพของตนเองอย่างเป็นระบบ,"5A คือ Assess, Advise, Agree, Assist และ Arrange ใช้เป็นวงจรสนับสนุนการเปลี่ยนพฤติกรรม",Teach-back ตรวจความเข้าใจโดยให้ผู้ป่วยอธิบายหรือสาธิตกลับด้วยคำของตนเอง ไม่ใช่ถามเพียงว่าเข้าใจหรือไม่,C,"หลักสำคัญ: 5A คือ Assess, Advise, Agree, Assist และ Arrange ใช้เป็นวงจรสนับสนุนการเปลี่ยนพฤติกรรม การปฏิบัติที่สอดคล้อง: ประเมินความพร้อม ให้คำแนะนำเฉพาะบุคคล ตั้ง SMART goal ร่วมกัน ช่วยแก้อุปสรรค และนัดติดตาม เป้าหมาย: เพิ่มโอกาสที่เป้าหมายจะนำไปปฏิบัติจริงและติดตามต่อเนื่อง",Self-Management CKD p.10
Q020,U1,7,แนวทาง 5A,การปฏิบัติใดสอดคล้องกับ “แนวทาง 5A” มากที่สุด?,ให้ผู้ป่วยติดตามข้อมูลที่มีความหมาย เช่น น้ำหนัก ความดัน อาการบวม หรือการรับประทานยา,หลังให้ข้อมูล ให้ผู้ป่วยเล่ากลับว่าต้องทำอะไร และอธิบายใหม่หากยังไม่ครบ,ประเมินความพร้อม ให้คำแนะนำเฉพาะบุคคล ตั้ง SMART goal ร่วมกัน ช่วยแก้อุปสรรค และนัดติดตาม,ประเมินสิ่งที่ผู้ป่วยทำได้จริง แล้วร่วมกำหนดเป้าหมายและแผนที่ผู้ป่วยมีส่วนตัดสินใจ,C,"หลักสำคัญ: 5A คือ Assess, Advise, Agree, Assist และ Arrange ใช้เป็นวงจรสนับสนุนการเปลี่ยนพฤติกรรม การปฏิบัติที่สอดคล้อง: ประเมินความพร้อม ให้คำแนะนำเฉพาะบุคคล ตั้ง SMART goal ร่วมกัน ช่วยแก้อุปสรรค และนัดติดตาม เป้าหมาย: เพิ่มโอกาสที่เป้าหมายจะนำไปปฏิบัติจริงและติดตามต่อเนื่อง",Self-Management CKD p.10
Q021,U1,7,แนวทาง 5A,ผลลัพธ์หรือเป้าหมายใดสัมพันธ์กับ “แนวทาง 5A” โดยตรงที่สุด?,เพิ่มความสามารถในการดูแลตนเองและความต่อเนื่องของพฤติกรรมสุขภาพ,ลดความคลาดเคลื่อนจากการสื่อสารและเพิ่มความเข้าใจที่นำไปใช้ได้,ตรวจพบการเปลี่ยนแปลงและอุปสรรคได้เร็วขึ้น,เพิ่มโอกาสที่เป้าหมายจะนำไปปฏิบัติจริงและติดตามต่อเนื่อง,D,"หลักสำคัญ: 5A คือ Assess, Advise, Agree, Assist และ Arrange ใช้เป็นวงจรสนับสนุนการเปลี่ยนพฤติกรรม การปฏิบัติที่สอดคล้อง: ประเมินความพร้อม ให้คำแนะนำเฉพาะบุคคล ตั้ง SMART goal ร่วมกัน ช่วยแก้อุปสรรค และนัดติดตาม เป้าหมาย: เพิ่มโอกาสที่เป้าหมายจะนำไปปฏิบัติจริงและติดตามต่อเนื่อง",Self-Management CKD p.10
Q022,U1,8,Teach-back & Health Literacy,ข้อใดอธิบาย “Teach-back & Health Literacy” ได้ถูกต้องที่สุด?,การติดตามตนเองคือการสังเกตและบันทึกพฤติกรรม อาการ หรือข้อมูลสุขภาพของตนเองอย่างเป็นระบบ,การประเมินตนเองคือการนำข้อมูลที่ติดตามไว้มาเทียบกับเป้าหมายหรือมาตรฐานเพื่อดูว่าต้องปรับอะไร,Teach-back ตรวจความเข้าใจโดยให้ผู้ป่วยอธิบายหรือสาธิตกลับด้วยคำของตนเอง ไม่ใช่ถามเพียงว่าเข้าใจหรือไม่,ผู้ป่วยเป็นศูนย์กลางและจัดการอาการ การรักษา ผลกระทบทางกาย–จิตสังคม และการปรับวิถีชีวิตร่วมกับทีมสุขภาพ,C,หลักสำคัญ: Teach-back ตรวจความเข้าใจโดยให้ผู้ป่วยอธิบายหรือสาธิตกลับด้วยคำของตนเอง ไม่ใช่ถามเพียงว่าเข้าใจหรือไม่ การปฏิบัติที่สอดคล้อง: หลังให้ข้อมูล ให้ผู้ป่วยเล่ากลับว่าต้องทำอะไร และอธิบายใหม่หากยังไม่ครบ เป้าหมาย: ลดความคลาดเคลื่อนจากการสื่อสารและเพิ่มความเข้าใจที่นำไปใช้ได้,Self-Management CKD p.11
Q023,U1,8,Teach-back & Health Literacy,การปฏิบัติใดสอดคล้องกับ “Teach-back & Health Literacy” มากที่สุด?,ทบทวนข้อมูลร่วมกับผู้ป่วยและถามว่าผลที่เกิดขึ้นตรงเป้าหมายเพียงใด,ประเมินสิ่งที่ผู้ป่วยทำได้จริง แล้วร่วมกำหนดเป้าหมายและแผนที่ผู้ป่วยมีส่วนตัดสินใจ,หลังให้ข้อมูล ให้ผู้ป่วยเล่ากลับว่าต้องทำอะไร และอธิบายใหม่หากยังไม่ครบ,ให้ผู้ป่วยติดตามข้อมูลที่มีความหมาย เช่น น้ำหนัก ความดัน อาการบวม หรือการรับประทานยา,C,หลักสำคัญ: Teach-back ตรวจความเข้าใจโดยให้ผู้ป่วยอธิบายหรือสาธิตกลับด้วยคำของตนเอง ไม่ใช่ถามเพียงว่าเข้าใจหรือไม่ การปฏิบัติที่สอดคล้อง: หลังให้ข้อมูล ให้ผู้ป่วยเล่ากลับว่าต้องทำอะไร และอธิบายใหม่หากยังไม่ครบ เป้าหมาย: ลดความคลาดเคลื่อนจากการสื่อสารและเพิ่มความเข้าใจที่นำไปใช้ได้,Self-Management CKD p.11
Q024,U1,8,Teach-back & Health Literacy,ผลลัพธ์หรือเป้าหมายใดสัมพันธ์กับ “Teach-back & Health Literacy” โดยตรงที่สุด?,ผู้ป่วยเห็นช่องว่างระหว่างพฤติกรรมจริงกับเป้าหมาย,ตรวจพบการเปลี่ยนแปลงและอุปสรรคได้เร็วขึ้น,ลดความคลาดเคลื่อนจากการสื่อสารและเพิ่มความเข้าใจที่นำไปใช้ได้,เพิ่มความสามารถในการดูแลตนเองและความต่อเนื่องของพฤติกรรมสุขภาพ,C,หลักสำคัญ: Teach-back ตรวจความเข้าใจโดยให้ผู้ป่วยอธิบายหรือสาธิตกลับด้วยคำของตนเอง ไม่ใช่ถามเพียงว่าเข้าใจหรือไม่ การปฏิบัติที่สอดคล้อง: หลังให้ข้อมูล ให้ผู้ป่วยเล่ากลับว่าต้องทำอะไร และอธิบายใหม่หากยังไม่ครบ เป้าหมาย: ลดความคลาดเคลื่อนจากการสื่อสารและเพิ่มความเข้าใจที่นำไปใช้ได้,Self-Management CKD p.11
Q025,U2,1,เป้าหมายการดูแล CKD ก่อน RRT,ข้อใดอธิบาย “เป้าหมายการดูแล CKD ก่อน RRT” ได้ถูกต้องที่สุด?,การคัดกรองต้องประเมินการทำงานของไตและความผิดปกติในปัสสาวะ และความเรื้อรังต้องอาศัยข้อมูลต่อเนื่อง,การจำกัดโปรตีนต้องทำร่วมกับการได้รับพลังงานเพียงพอ มิฉะนั้นเสี่ยงสลายโปรตีนในร่างกายและทุพโภชนาการ,เป้าหมายสำคัญคือคัดกรอง/ส่งต่อ ชะลอไตเสื่อม ป้องกันภาวะแทรกซ้อน ลดความเสี่ยงหัวใจและหลอดเลือด และเตรียม RRT อย่างเหมาะสม,การลดโซเดียมช่วยควบคุมความดัน ปริมาตรสารน้ำ และลดภาวะบวม,C,หลักสำคัญ: เป้าหมายสำคัญคือคัดกรอง/ส่งต่อ ชะลอไตเสื่อม ป้องกันภาวะแทรกซ้อน ลดความเสี่ยงหัวใจและหลอดเลือด และเตรียม RRT อย่างเหมาะสม การปฏิบัติที่สอดคล้อง: วางแผนดูแลตามระยะโรคโดยไม่รอจนเกิดภาวะฉุกเฉินหรือมีข้อบ่งชี้ฟอกไตแล้ว เป้าหมาย: ลดการเกิดภาวะแทรกซ้อนและเพิ่มความพร้อมก่อนเริ่ม RRT,การดูแล CKD ระยะก่อน RRT pp.4–7
Q026,U2,1,เป้าหมายการดูแล CKD ก่อน RRT,การปฏิบัติใดสอดคล้องกับ “เป้าหมายการดูแล CKD ก่อน RRT” มากที่สุด?,ประเมิน intake น้ำหนัก แนวโน้มมวลกล้ามเนื้อ และส่งต่อผู้เชี่ยวชาญด้านโภชนาการเมื่อจำเป็น,สอนอ่านฉลากและลดอาหารแปรรูป/เครื่องปรุงเค็ม โดยเชื่อมกับพฤติกรรมจริงของผู้ป่วย,เมื่อพบความผิดปกติที่อาจเป็น CKD ให้ติดตาม/ตรวจซ้ำตามแนวทางเพื่อยืนยัน chronicity,วางแผนดูแลตามระยะโรคโดยไม่รอจนเกิดภาวะฉุกเฉินหรือมีข้อบ่งชี้ฟอกไตแล้ว,D,หลักสำคัญ: เป้าหมายสำคัญคือคัดกรอง/ส่งต่อ ชะลอไตเสื่อม ป้องกันภาวะแทรกซ้อน ลดความเสี่ยงหัวใจและหลอดเลือด และเตรียม RRT อย่างเหมาะสม การปฏิบัติที่สอดคล้อง: วางแผนดูแลตามระยะโรคโดยไม่รอจนเกิดภาวะฉุกเฉินหรือมีข้อบ่งชี้ฟอกไตแล้ว เป้าหมาย: ลดการเกิดภาวะแทรกซ้อนและเพิ่มความพร้อมก่อนเริ่ม RRT,การดูแล CKD ระยะก่อน RRT pp.4–7
Q027,U2,1,เป้าหมายการดูแล CKD ก่อน RRT,ผลลัพธ์หรือเป้าหมายใดสัมพันธ์กับ “เป้าหมายการดูแล CKD ก่อน RRT” โดยตรงที่สุด?,ลดการเกิดภาวะแทรกซ้อนและเพิ่มความพร้อมก่อนเริ่ม RRT,ควบคุมความดันและภาวะน้ำเกินได้ดีขึ้น,ชะลอไตเสื่อมโดยไม่เพิ่มความเสี่ยง protein-energy wasting,ลดการวินิจฉัยจากค่าผิดปกติครั้งเดียวและตรวจพบ CKD ได้เหมาะสม,A,หลักสำคัญ: เป้าหมายสำคัญคือคัดกรอง/ส่งต่อ ชะลอไตเสื่อม ป้องกันภาวะแทรกซ้อน ลดความเสี่ยงหัวใจและหลอดเลือด และเตรียม RRT อย่างเหมาะสม การปฏิบัติที่สอดคล้อง: วางแผนดูแลตามระยะโรคโดยไม่รอจนเกิดภาวะฉุกเฉินหรือมีข้อบ่งชี้ฟอกไตแล้ว เป้าหมาย: ลดการเกิดภาวะแทรกซ้อนและเพิ่มความพร้อมก่อนเริ่ม RRT,การดูแล CKD ระยะก่อน RRT pp.4–7
Q028,U2,2,การคัดกรองและยืนยัน CKD,ข้อใดอธิบาย “การคัดกรองและยืนยัน CKD” ได้ถูกต้องที่สุด?,การจำกัดโปรตีนต้องทำร่วมกับการได้รับพลังงานเพียงพอ มิฉะนั้นเสี่ยงสลายโปรตีนในร่างกายและทุพโภชนาการ,น้ำหนักตัวที่ติดตามสม่ำเสมอเป็นข้อมูลที่ช่วยจับภาวะน้ำเกินได้เร็วกว่ารอให้บวมชัด,การคัดกรองต้องประเมินการทำงานของไตและความผิดปกติในปัสสาวะ และความเรื้อรังต้องอาศัยข้อมูลต่อเนื่อง,การลดโซเดียมช่วยควบคุมความดัน ปริมาตรสารน้ำ และลดภาวะบวม,C,หลักสำคัญ: การคัดกรองต้องประเมินการทำงานของไตและความผิดปกติในปัสสาวะ และความเรื้อรังต้องอาศัยข้อมูลต่อเนื่อง การปฏิบัติที่สอดคล้อง: เมื่อพบความผิดปกติที่อาจเป็น CKD ให้ติดตาม/ตรวจซ้ำตามแนวทางเพื่อยืนยัน chronicity เป้าหมาย: ลดการวินิจฉัยจากค่าผิดปกติครั้งเดียวและตรวจพบ CKD ได้เหมาะสม,การดูแล CKD ระยะก่อน RRT ข้อแนะนำ 1–3
Q029,U2,2,การคัดกรองและยืนยัน CKD,การปฏิบัติใดสอดคล้องกับ “การคัดกรองและยืนยัน CKD” มากที่สุด?,สอนอ่านฉลากและลดอาหารแปรรูป/เครื่องปรุงเค็ม โดยเชื่อมกับพฤติกรรมจริงของผู้ป่วย,เมื่อพบความผิดปกติที่อาจเป็น CKD ให้ติดตาม/ตรวจซ้ำตามแนวทางเพื่อยืนยัน chronicity,ประเมิน intake น้ำหนัก แนวโน้มมวลกล้ามเนื้อ และส่งต่อผู้เชี่ยวชาญด้านโภชนาการเมื่อจำเป็น,ให้ชั่งน้ำหนักเวลาใกล้เคียงกันและสังเกตแนวโน้มร่วมกับอาการบวม/หอบและปริมาณปัสสาวะ,B,หลักสำคัญ: การคัดกรองต้องประเมินการทำงานของไตและความผิดปกติในปัสสาวะ และความเรื้อรังต้องอาศัยข้อมูลต่อเนื่อง การปฏิบัติที่สอดคล้อง: เมื่อพบความผิดปกติที่อาจเป็น CKD ให้ติดตาม/ตรวจซ้ำตามแนวทางเพื่อยืนยัน chronicity เป้าหมาย: ลดการวินิจฉัยจากค่าผิดปกติครั้งเดียวและตรวจพบ CKD ได้เหมาะสม,การดูแล CKD ระยะก่อน RRT ข้อแนะนำ 1–3
Q030,U2,2,การคัดกรองและยืนยัน CKD,ผลลัพธ์หรือเป้าหมายใดสัมพันธ์กับ “การคัดกรองและยืนยัน CKD” โดยตรงที่สุด?,ตรวจพบ fluid retention ได้เร็วและลดโอกาสเกิด pulmonary congestion,ควบคุมความดันและภาวะน้ำเกินได้ดีขึ้น,ชะลอไตเสื่อมโดยไม่เพิ่มความเสี่ยง protein-energy wasting,ลดการวินิจฉัยจากค่าผิดปกติครั้งเดียวและตรวจพบ CKD ได้เหมาะสม,D,หลักสำคัญ: การคัดกรองต้องประเมินการทำงานของไตและความผิดปกติในปัสสาวะ และความเรื้อรังต้องอาศัยข้อมูลต่อเนื่อง การปฏิบัติที่สอดคล้อง: เมื่อพบความผิดปกติที่อาจเป็น CKD ให้ติดตาม/ตรวจซ้ำตามแนวทางเพื่อยืนยัน chronicity เป้าหมาย: ลดการวินิจฉัยจากค่าผิดปกติครั้งเดียวและตรวจพบ CKD ได้เหมาะสม,การดูแล CKD ระยะก่อน RRT ข้อแนะนำ 1–3
Q031,U2,3,โภชนบำบัดและพลังงาน,ข้อใดอธิบาย “โภชนบำบัดและพลังงาน” ได้ถูกต้องที่สุด?,การลดโซเดียมช่วยควบคุมความดัน ปริมาตรสารน้ำ และลดภาวะบวม,การจำกัดโปรตีนต้องทำร่วมกับการได้รับพลังงานเพียงพอ มิฉะนั้นเสี่ยงสลายโปรตีนในร่างกายและทุพโภชนาการ,การจัดการโพแทสเซียมต้องดูผลเลือด ยาที่ใช้ อาหาร และอาการเตือนร่วมกัน ไม่ควรจำกัดแบบเหมารวมทุกคน,น้ำหนักตัวที่ติดตามสม่ำเสมอเป็นข้อมูลที่ช่วยจับภาวะน้ำเกินได้เร็วกว่ารอให้บวมชัด,B,หลักสำคัญ: การจำกัดโปรตีนต้องทำร่วมกับการได้รับพลังงานเพียงพอ มิฉะนั้นเสี่ยงสลายโปรตีนในร่างกายและทุพโภชนาการ การปฏิบัติที่สอดคล้อง: ประเมิน intake น้ำหนัก แนวโน้มมวลกล้ามเนื้อ และส่งต่อผู้เชี่ยวชาญด้านโภชนาการเมื่อจำเป็น เป้าหมาย: ชะลอไตเสื่อมโดยไม่เพิ่มความเสี่ยง protein-energy wasting,Self-Management CKD nutrition section
Q032,U2,3,โภชนบำบัดและพลังงาน,การปฏิบัติใดสอดคล้องกับ “โภชนบำบัดและพลังงาน” มากที่สุด?,ให้ชั่งน้ำหนักเวลาใกล้เคียงกันและสังเกตแนวโน้มร่วมกับอาการบวม/หอบและปริมาณปัสสาวะ,ประเมิน intake น้ำหนัก แนวโน้มมวลกล้ามเนื้อ และส่งต่อผู้เชี่ยวชาญด้านโภชนาการเมื่อจำเป็น,ทบทวน ACEI/ARB/ยาที่มีผลต่อโพแทสเซียมและสอนอาการเตือนที่ต้องมาพบแพทย์,สอนอ่านฉลากและลดอาหารแปรรูป/เครื่องปรุงเค็ม โดยเชื่อมกับพฤติกรรมจริงของผู้ป่วย,B,หลักสำคัญ: การจำกัดโปรตีนต้องทำร่วมกับการได้รับพลังงานเพียงพอ มิฉะนั้นเสี่ยงสลายโปรตีนในร่างกายและทุพโภชนาการ การปฏิบัติที่สอดคล้อง: ประเมิน intake น้ำหนัก แนวโน้มมวลกล้ามเนื้อ และส่งต่อผู้เชี่ยวชาญด้านโภชนาการเมื่อจำเป็น เป้าหมาย: ชะลอไตเสื่อมโดยไม่เพิ่มความเสี่ยง protein-energy wasting,Self-Management CKD nutrition section
Q033,U2,3,โภชนบำบัดและพลังงาน,ผลลัพธ์หรือเป้าหมายใดสัมพันธ์กับ “โภชนบำบัดและพลังงาน” โดยตรงที่สุด?,ตรวจพบ fluid retention ได้เร็วและลดโอกาสเกิด pulmonary congestion,ลดความเสี่ยงภาวะโพแทสเซียมผิดปกติที่มีผลต่อหัวใจ,ชะลอไตเสื่อมโดยไม่เพิ่มความเสี่ยง protein-energy wasting,ควบคุมความดันและภาวะน้ำเกินได้ดีขึ้น,C,หลักสำคัญ: การจำกัดโปรตีนต้องทำร่วมกับการได้รับพลังงานเพียงพอ มิฉะนั้นเสี่ยงสลายโปรตีนในร่างกายและทุพโภชนาการ การปฏิบัติที่สอดคล้อง: ประเมิน intake น้ำหนัก แนวโน้มมวลกล้ามเนื้อ และส่งต่อผู้เชี่ยวชาญด้านโภชนาการเมื่อจำเป็น เป้าหมาย: ชะลอไตเสื่อมโดยไม่เพิ่มความเสี่ยง protein-energy wasting,Self-Management CKD nutrition section
Q034,U2,4,การจำกัดโซเดียม,ข้อใดอธิบาย “การจำกัดโซเดียม” ได้ถูกต้องที่สุด?,การจัดการโพแทสเซียมต้องดูผลเลือด ยาที่ใช้ อาหาร และอาการเตือนร่วมกัน ไม่ควรจำกัดแบบเหมารวมทุกคน,น้ำหนักตัวที่ติดตามสม่ำเสมอเป็นข้อมูลที่ช่วยจับภาวะน้ำเกินได้เร็วกว่ารอให้บวมชัด,ความปลอดภัยด้านยาต้องทบทวนยาทั้งหมด รวม OTC ยาชุด สมุนไพร/อาหารเสริม และปรับขนาดยาตามการทำงานของไต,การลดโซเดียมช่วยควบคุมความดัน ปริมาตรสารน้ำ และลดภาวะบวม,D,หลักสำคัญ: การลดโซเดียมช่วยควบคุมความดัน ปริมาตรสารน้ำ และลดภาวะบวม การปฏิบัติที่สอดคล้อง: สอนอ่านฉลากและลดอาหารแปรรูป/เครื่องปรุงเค็ม โดยเชื่อมกับพฤติกรรมจริงของผู้ป่วย เป้าหมาย: ควบคุมความดันและภาวะน้ำเกินได้ดีขึ้น,Self-Management CKD sodium section
Q035,U2,4,การจำกัดโซเดียม,การปฏิบัติใดสอดคล้องกับ “การจำกัดโซเดียม” มากที่สุด?,ให้ชั่งน้ำหนักเวลาใกล้เคียงกันและสังเกตแนวโน้มร่วมกับอาการบวม/หอบและปริมาณปัสสาวะ,สอนอ่านฉลากและลดอาหารแปรรูป/เครื่องปรุงเค็ม โดยเชื่อมกับพฤติกรรมจริงของผู้ป่วย,ทบทวน ACEI/ARB/ยาที่มีผลต่อโพแทสเซียมและสอนอาการเตือนที่ต้องมาพบแพทย์,ถามยาที่ซื้อเองทุกครั้ง เน้นหลีกเลี่ยง nephrotoxin โดยเฉพาะ NSAIDs และประสานแพทย์/เภสัชกร,B,หลักสำคัญ: การลดโซเดียมช่วยควบคุมความดัน ปริมาตรสารน้ำ และลดภาวะบวม การปฏิบัติที่สอดคล้อง: สอนอ่านฉลากและลดอาหารแปรรูป/เครื่องปรุงเค็ม โดยเชื่อมกับพฤติกรรมจริงของผู้ป่วย เป้าหมาย: ควบคุมความดันและภาวะน้ำเกินได้ดีขึ้น,Self-Management CKD sodium section
Q036,U2,4,การจำกัดโซเดียม,ผลลัพธ์หรือเป้าหมายใดสัมพันธ์กับ “การจำกัดโซเดียม” โดยตรงที่สุด?,ลด adverse drug event และการทำงานของไตแย่ลงจากยา,ควบคุมความดันและภาวะน้ำเกินได้ดีขึ้น,ตรวจพบ fluid retention ได้เร็วและลดโอกาสเกิด pulmonary congestion,ลดความเสี่ยงภาวะโพแทสเซียมผิดปกติที่มีผลต่อหัวใจ,B,หลักสำคัญ: การลดโซเดียมช่วยควบคุมความดัน ปริมาตรสารน้ำ และลดภาวะบวม การปฏิบัติที่สอดคล้อง: สอนอ่านฉลากและลดอาหารแปรรูป/เครื่องปรุงเค็ม โดยเชื่อมกับพฤติกรรมจริงของผู้ป่วย เป้าหมาย: ควบคุมความดันและภาวะน้ำเกินได้ดีขึ้น,Self-Management CKD sodium section
Q037,U2,5,การติดตามสารน้ำด้วยน้ำหนัก,ข้อใดอธิบาย “การติดตามสารน้ำด้วยน้ำหนัก” ได้ถูกต้องที่สุด?,การจัดการโพแทสเซียมต้องดูผลเลือด ยาที่ใช้ อาหาร และอาการเตือนร่วมกัน ไม่ควรจำกัดแบบเหมารวมทุกคน,การเตรียม RRT เป็นกระบวนการก่อนเกิดวิกฤต ครอบคลุมข้อมูลทางเลือก การตัดสินใจ การเตรียม access/ส่งต่อปลูกถ่าย และการเตรียมครอบครัว,ความปลอดภัยด้านยาต้องทบทวนยาทั้งหมด รวม OTC ยาชุด สมุนไพร/อาหารเสริม และปรับขนาดยาตามการทำงานของไต,น้ำหนักตัวที่ติดตามสม่ำเสมอเป็นข้อมูลที่ช่วยจับภาวะน้ำเกินได้เร็วกว่ารอให้บวมชัด,D,หลักสำคัญ: น้ำหนักตัวที่ติดตามสม่ำเสมอเป็นข้อมูลที่ช่วยจับภาวะน้ำเกินได้เร็วกว่ารอให้บวมชัด การปฏิบัติที่สอดคล้อง: ให้ชั่งน้ำหนักเวลาใกล้เคียงกันและสังเกตแนวโน้มร่วมกับอาการบวม/หอบและปริมาณปัสสาวะ เป้าหมาย: ตรวจพบ fluid retention ได้เร็วและลดโอกาสเกิด pulmonary congestion,Self-Management CKD fluid section
Q038,U2,5,การติดตามสารน้ำด้วยน้ำหนัก,การปฏิบัติใดสอดคล้องกับ “การติดตามสารน้ำด้วยน้ำหนัก” มากที่สุด?,เริ่ม education และ shared planning ตั้งแต่ CKD ระยะก้าวหน้า ไม่รอ emergency start,ทบทวน ACEI/ARB/ยาที่มีผลต่อโพแทสเซียมและสอนอาการเตือนที่ต้องมาพบแพทย์,ให้ชั่งน้ำหนักเวลาใกล้เคียงกันและสังเกตแนวโน้มร่วมกับอาการบวม/หอบและปริมาณปัสสาวะ,ถามยาที่ซื้อเองทุกครั้ง เน้นหลีกเลี่ยง nephrotoxin โดยเฉพาะ NSAIDs และประสานแพทย์/เภสัชกร,C,หลักสำคัญ: น้ำหนักตัวที่ติดตามสม่ำเสมอเป็นข้อมูลที่ช่วยจับภาวะน้ำเกินได้เร็วกว่ารอให้บวมชัด การปฏิบัติที่สอดคล้อง: ให้ชั่งน้ำหนักเวลาใกล้เคียงกันและสังเกตแนวโน้มร่วมกับอาการบวม/หอบและปริมาณปัสสาวะ เป้าหมาย: ตรวจพบ fluid retention ได้เร็วและลดโอกาสเกิด pulmonary congestion,Self-Management CKD fluid section
Q039,U2,5,การติดตามสารน้ำด้วยน้ำหนัก,ผลลัพธ์หรือเป้าหมายใดสัมพันธ์กับ “การติดตามสารน้ำด้วยน้ำหนัก” โดยตรงที่สุด?,ลด unplanned dialysis start และเพิ่มความพร้อมด้านกาย–จิตสังคม,ตรวจพบ fluid retention ได้เร็วและลดโอกาสเกิด pulmonary congestion,ลด adverse drug event และการทำงานของไตแย่ลงจากยา,ลดความเสี่ยงภาวะโพแทสเซียมผิดปกติที่มีผลต่อหัวใจ,B,หลักสำคัญ: น้ำหนักตัวที่ติดตามสม่ำเสมอเป็นข้อมูลที่ช่วยจับภาวะน้ำเกินได้เร็วกว่ารอให้บวมชัด การปฏิบัติที่สอดคล้อง: ให้ชั่งน้ำหนักเวลาใกล้เคียงกันและสังเกตแนวโน้มร่วมกับอาการบวม/หอบและปริมาณปัสสาวะ เป้าหมาย: ตรวจพบ fluid retention ได้เร็วและลดโอกาสเกิด pulmonary congestion,Self-Management CKD fluid section
Q040,U2,6,การประเมินโพแทสเซียม,ข้อใดอธิบาย “การประเมินโพแทสเซียม” ได้ถูกต้องที่สุด?,การจัดการโพแทสเซียมต้องดูผลเลือด ยาที่ใช้ อาหาร และอาการเตือนร่วมกัน ไม่ควรจำกัดแบบเหมารวมทุกคน,ความปลอดภัยด้านยาต้องทบทวนยาทั้งหมด รวม OTC ยาชุด สมุนไพร/อาหารเสริม และปรับขนาดยาตามการทำงานของไต,การเตรียม RRT เป็นกระบวนการก่อนเกิดวิกฤต ครอบคลุมข้อมูลทางเลือก การตัดสินใจ การเตรียม access/ส่งต่อปลูกถ่าย และการเตรียมครอบครัว,เป้าหมายสำคัญคือคัดกรอง/ส่งต่อ ชะลอไตเสื่อม ป้องกันภาวะแทรกซ้อน ลดความเสี่ยงหัวใจและหลอดเลือด และเตรียม RRT อย่างเหมาะสม,A,หลักสำคัญ: การจัดการโพแทสเซียมต้องดูผลเลือด ยาที่ใช้ อาหาร และอาการเตือนร่วมกัน ไม่ควรจำกัดแบบเหมารวมทุกคน การปฏิบัติที่สอดคล้อง: ทบทวน ACEI/ARB/ยาที่มีผลต่อโพแทสเซียมและสอนอาการเตือนที่ต้องมาพบแพทย์ เป้าหมาย: ลดความเสี่ยงภาวะโพแทสเซียมผิดปกติที่มีผลต่อหัวใจ,Self-Management CKD potassium section
Q041,U2,6,การประเมินโพแทสเซียม,การปฏิบัติใดสอดคล้องกับ “การประเมินโพแทสเซียม” มากที่สุด?,ถามยาที่ซื้อเองทุกครั้ง เน้นหลีกเลี่ยง nephrotoxin โดยเฉพาะ NSAIDs และประสานแพทย์/เภสัชกร,วางแผนดูแลตามระยะโรคโดยไม่รอจนเกิดภาวะฉุกเฉินหรือมีข้อบ่งชี้ฟอกไตแล้ว,ทบทวน ACEI/ARB/ยาที่มีผลต่อโพแทสเซียมและสอนอาการเตือนที่ต้องมาพบแพทย์,เริ่ม education และ shared planning ตั้งแต่ CKD ระยะก้าวหน้า ไม่รอ emergency start,C,หลักสำคัญ: การจัดการโพแทสเซียมต้องดูผลเลือด ยาที่ใช้ อาหาร และอาการเตือนร่วมกัน ไม่ควรจำกัดแบบเหมารวมทุกคน การปฏิบัติที่สอดคล้อง: ทบทวน ACEI/ARB/ยาที่มีผลต่อโพแทสเซียมและสอนอาการเตือนที่ต้องมาพบแพทย์ เป้าหมาย: ลดความเสี่ยงภาวะโพแทสเซียมผิดปกติที่มีผลต่อหัวใจ,Self-Management CKD potassium section
Q042,U2,6,การประเมินโพแทสเซียม,ผลลัพธ์หรือเป้าหมายใดสัมพันธ์กับ “การประเมินโพแทสเซียม” โดยตรงที่สุด?,ลดการเกิดภาวะแทรกซ้อนและเพิ่มความพร้อมก่อนเริ่ม RRT,ลด adverse drug event และการทำงานของไตแย่ลงจากยา,ลด unplanned dialysis start และเพิ่มความพร้อมด้านกาย–จิตสังคม,ลดความเสี่ยงภาวะโพแทสเซียมผิดปกติที่มีผลต่อหัวใจ,D,หลักสำคัญ: การจัดการโพแทสเซียมต้องดูผลเลือด ยาที่ใช้ อาหาร และอาการเตือนร่วมกัน ไม่ควรจำกัดแบบเหมารวมทุกคน การปฏิบัติที่สอดคล้อง: ทบทวน ACEI/ARB/ยาที่มีผลต่อโพแทสเซียมและสอนอาการเตือนที่ต้องมาพบแพทย์ เป้าหมาย: ลดความเสี่ยงภาวะโพแทสเซียมผิดปกติที่มีผลต่อหัวใจ,Self-Management CKD potassium section
Q043,U2,7,Medication Safety in CKD,ข้อใดอธิบาย “Medication Safety in CKD” ได้ถูกต้องที่สุด?,เป้าหมายสำคัญคือคัดกรอง/ส่งต่อ ชะลอไตเสื่อม ป้องกันภาวะแทรกซ้อน ลดความเสี่ยงหัวใจและหลอดเลือด และเตรียม RRT อย่างเหมาะสม,ความปลอดภัยด้านยาต้องทบทวนยาทั้งหมด รวม OTC ยาชุด สมุนไพร/อาหารเสริม และปรับขนาดยาตามการทำงานของไต,การเตรียม RRT เป็นกระบวนการก่อนเกิดวิกฤต ครอบคลุมข้อมูลทางเลือก การตัดสินใจ การเตรียม access/ส่งต่อปลูกถ่าย และการเตรียมครอบครัว,การคัดกรองต้องประเมินการทำงานของไตและความผิดปกติในปัสสาวะ และความเรื้อรังต้องอาศัยข้อมูลต่อเนื่อง,B,หลักสำคัญ: ความปลอดภัยด้านยาต้องทบทวนยาทั้งหมด รวม OTC ยาชุด สมุนไพร/อาหารเสริม และปรับขนาดยาตามการทำงานของไต การปฏิบัติที่สอดคล้อง: ถามยาที่ซื้อเองทุกครั้ง เน้นหลีกเลี่ยง nephrotoxin โดยเฉพาะ NSAIDs และประสานแพทย์/เภสัชกร เป้าหมาย: ลด adverse drug event และการทำงานของไตแย่ลงจากยา,Self-Management CKD medication section
Q044,U2,7,Medication Safety in CKD,การปฏิบัติใดสอดคล้องกับ “Medication Safety in CKD” มากที่สุด?,ถามยาที่ซื้อเองทุกครั้ง เน้นหลีกเลี่ยง nephrotoxin โดยเฉพาะ NSAIDs และประสานแพทย์/เภสัชกร,เริ่ม education และ shared planning ตั้งแต่ CKD ระยะก้าวหน้า ไม่รอ emergency start,วางแผนดูแลตามระยะโรคโดยไม่รอจนเกิดภาวะฉุกเฉินหรือมีข้อบ่งชี้ฟอกไตแล้ว,เมื่อพบความผิดปกติที่อาจเป็น CKD ให้ติดตาม/ตรวจซ้ำตามแนวทางเพื่อยืนยัน chronicity,A,หลักสำคัญ: ความปลอดภัยด้านยาต้องทบทวนยาทั้งหมด รวม OTC ยาชุด สมุนไพร/อาหารเสริม และปรับขนาดยาตามการทำงานของไต การปฏิบัติที่สอดคล้อง: ถามยาที่ซื้อเองทุกครั้ง เน้นหลีกเลี่ยง nephrotoxin โดยเฉพาะ NSAIDs และประสานแพทย์/เภสัชกร เป้าหมาย: ลด adverse drug event และการทำงานของไตแย่ลงจากยา,Self-Management CKD medication section
Q045,U2,7,Medication Safety in CKD,ผลลัพธ์หรือเป้าหมายใดสัมพันธ์กับ “Medication Safety in CKD” โดยตรงที่สุด?,ลด adverse drug event และการทำงานของไตแย่ลงจากยา,ลดการเกิดภาวะแทรกซ้อนและเพิ่มความพร้อมก่อนเริ่ม RRT,ลดการวินิจฉัยจากค่าผิดปกติครั้งเดียวและตรวจพบ CKD ได้เหมาะสม,ลด unplanned dialysis start และเพิ่มความพร้อมด้านกาย–จิตสังคม,A,หลักสำคัญ: ความปลอดภัยด้านยาต้องทบทวนยาทั้งหมด รวม OTC ยาชุด สมุนไพร/อาหารเสริม และปรับขนาดยาตามการทำงานของไต การปฏิบัติที่สอดคล้อง: ถามยาที่ซื้อเองทุกครั้ง เน้นหลีกเลี่ยง nephrotoxin โดยเฉพาะ NSAIDs และประสานแพทย์/เภสัชกร เป้าหมาย: ลด adverse drug event และการทำงานของไตแย่ลงจากยา,Self-Management CKD medication section
Q046,U2,8,การเตรียมความพร้อมสู่ RRT,ข้อใดอธิบาย “การเตรียมความพร้อมสู่ RRT” ได้ถูกต้องที่สุด?,การเตรียม RRT เป็นกระบวนการก่อนเกิดวิกฤต ครอบคลุมข้อมูลทางเลือก การตัดสินใจ การเตรียม access/ส่งต่อปลูกถ่าย และการเตรียมครอบครัว,การคัดกรองต้องประเมินการทำงานของไตและความผิดปกติในปัสสาวะ และความเรื้อรังต้องอาศัยข้อมูลต่อเนื่อง,การจำกัดโปรตีนต้องทำร่วมกับการได้รับพลังงานเพียงพอ มิฉะนั้นเสี่ยงสลายโปรตีนในร่างกายและทุพโภชนาการ,เป้าหมายสำคัญคือคัดกรอง/ส่งต่อ ชะลอไตเสื่อม ป้องกันภาวะแทรกซ้อน ลดความเสี่ยงหัวใจและหลอดเลือด และเตรียม RRT อย่างเหมาะสม,A,หลักสำคัญ: การเตรียม RRT เป็นกระบวนการก่อนเกิดวิกฤต ครอบคลุมข้อมูลทางเลือก การตัดสินใจ การเตรียม access/ส่งต่อปลูกถ่าย และการเตรียมครอบครัว การปฏิบัติที่สอดคล้อง: เริ่ม education และ shared planning ตั้งแต่ CKD ระยะก้าวหน้า ไม่รอ emergency start เป้าหมาย: ลด unplanned dialysis start และเพิ่มความพร้อมด้านกาย–จิตสังคม,การดูแล CKD ระยะก่อน RRT ข้อแนะนำ 17
Q047,U2,8,การเตรียมความพร้อมสู่ RRT,การปฏิบัติใดสอดคล้องกับ “การเตรียมความพร้อมสู่ RRT” มากที่สุด?,เมื่อพบความผิดปกติที่อาจเป็น CKD ให้ติดตาม/ตรวจซ้ำตามแนวทางเพื่อยืนยัน chronicity,ประเมิน intake น้ำหนัก แนวโน้มมวลกล้ามเนื้อ และส่งต่อผู้เชี่ยวชาญด้านโภชนาการเมื่อจำเป็น,วางแผนดูแลตามระยะโรคโดยไม่รอจนเกิดภาวะฉุกเฉินหรือมีข้อบ่งชี้ฟอกไตแล้ว,เริ่ม education และ shared planning ตั้งแต่ CKD ระยะก้าวหน้า ไม่รอ emergency start,D,หลักสำคัญ: การเตรียม RRT เป็นกระบวนการก่อนเกิดวิกฤต ครอบคลุมข้อมูลทางเลือก การตัดสินใจ การเตรียม access/ส่งต่อปลูกถ่าย และการเตรียมครอบครัว การปฏิบัติที่สอดคล้อง: เริ่ม education และ shared planning ตั้งแต่ CKD ระยะก้าวหน้า ไม่รอ emergency start เป้าหมาย: ลด unplanned dialysis start และเพิ่มความพร้อมด้านกาย–จิตสังคม,การดูแล CKD ระยะก่อน RRT ข้อแนะนำ 17
Q048,U2,8,การเตรียมความพร้อมสู่ RRT,ผลลัพธ์หรือเป้าหมายใดสัมพันธ์กับ “การเตรียมความพร้อมสู่ RRT” โดยตรงที่สุด?,ชะลอไตเสื่อมโดยไม่เพิ่มความเสี่ยง protein-energy wasting,ลดการเกิดภาวะแทรกซ้อนและเพิ่มความพร้อมก่อนเริ่ม RRT,ลด unplanned dialysis start และเพิ่มความพร้อมด้านกาย–จิตสังคม,ลดการวินิจฉัยจากค่าผิดปกติครั้งเดียวและตรวจพบ CKD ได้เหมาะสม,C,หลักสำคัญ: การเตรียม RRT เป็นกระบวนการก่อนเกิดวิกฤต ครอบคลุมข้อมูลทางเลือก การตัดสินใจ การเตรียม access/ส่งต่อปลูกถ่าย และการเตรียมครอบครัว การปฏิบัติที่สอดคล้อง: เริ่ม education และ shared planning ตั้งแต่ CKD ระยะก้าวหน้า ไม่รอ emergency start เป้าหมาย: ลด unplanned dialysis start และเพิ่มความพร้อมด้านกาย–จิตสังคม,การดูแล CKD ระยะก่อน RRT ข้อแนะนำ 17
Q049,U3,1,Primary Nursing & Continuity,ข้อใดอธิบาย “Primary Nursing & Continuity” ได้ถูกต้องที่สุด?,"การประเมินของ Primary Nurse ต้องครอบคลุม Physical, Psychological, Social และ Rights/สิทธิการรักษา",เป้าหมายครอบคลุมการยกระดับคุณภาพชีวิต การดูแลเฉพาะบุคคล การป้องกันภาวะแทรกซ้อน คุณภาพการพยาบาล และความต่อเนื่อง,Primary Nursing เน้นความรับผิดชอบต่อผู้ป่วยที่ได้รับมอบหมายอย่างต่อเนื่อง ต่างจากการดูแลแบบเปลี่ยนผู้รับผิดชอบเป็นรอบ,"โครงสร้างงานแยกบทบาท Nurse Manager, Primary Nurse และ Associate Nurse โดย Primary Nurse เป็นเจ้าของแผนดูแลหลักของผู้ป่วย",C,หลักสำคัญ: Primary Nursing เน้นความรับผิดชอบต่อผู้ป่วยที่ได้รับมอบหมายอย่างต่อเนื่อง ต่างจากการดูแลแบบเปลี่ยนผู้รับผิดชอบเป็นรอบ การปฏิบัติที่สอดคล้อง: กำหนด Primary Nurse ให้ติดตามผู้ป่วยคนเดิมและเชื่อมข้อมูลข้ามครั้งการรักษา เป้าหมาย: เกิด Continuity of Care และความสัมพันธ์เชิงรักษาที่ต่อเนื่อง,Primary Nursing pp.1–2
Q050,U3,1,Primary Nursing & Continuity,การปฏิบัติใดสอดคล้องกับ “Primary Nursing & Continuity” มากที่สุด?,ใช้ข้อมูลผู้ป่วยรายบุคคลเพื่อจัดลำดับปัญหาและติดตามผลระยะยาว,กำหนด Primary Nurse ให้ติดตามผู้ป่วยคนเดิมและเชื่อมข้อมูลข้ามครั้งการรักษา,ประเมินอาการ ภาวะโภชนาการ ความเครียด/ซึมเศร้า การสนับสนุนทางสังคม และข้อจำกัดด้านสิทธิ/การเข้าถึง,Primary Nurse วางแผนและติดตาม ส่วน Associate Nurse ปฏิบัติตามแผนและส่งต่อข้อมูลเมื่อ Primary Nurse ไม่อยู่,B,หลักสำคัญ: Primary Nursing เน้นความรับผิดชอบต่อผู้ป่วยที่ได้รับมอบหมายอย่างต่อเนื่อง ต่างจากการดูแลแบบเปลี่ยนผู้รับผิดชอบเป็นรอบ การปฏิบัติที่สอดคล้อง: กำหนด Primary Nurse ให้ติดตามผู้ป่วยคนเดิมและเชื่อมข้อมูลข้ามครั้งการรักษา เป้าหมาย: เกิด Continuity of Care และความสัมพันธ์เชิงรักษาที่ต่อเนื่อง,Primary Nursing pp.1–2
Q051,U3,1,Primary Nursing & Continuity,ผลลัพธ์หรือเป้าหมายใดสัมพันธ์กับ “Primary Nursing & Continuity” โดยตรงที่สุด?,ความรับผิดชอบชัดเจนและลดข้อมูลตกหล่นระหว่างทีม,เกิด Continuity of Care และความสัมพันธ์เชิงรักษาที่ต่อเนื่อง,ผู้ป่วยได้รับการดูแลแบบ patient-centered และต่อเนื่อง,ได้แผนดูแลที่สอดคล้องกับปัญหาจริงทั้งด้านคลินิกและชีวิต,B,หลักสำคัญ: Primary Nursing เน้นความรับผิดชอบต่อผู้ป่วยที่ได้รับมอบหมายอย่างต่อเนื่อง ต่างจากการดูแลแบบเปลี่ยนผู้รับผิดชอบเป็นรอบ การปฏิบัติที่สอดคล้อง: กำหนด Primary Nurse ให้ติดตามผู้ป่วยคนเดิมและเชื่อมข้อมูลข้ามครั้งการรักษา เป้าหมาย: เกิด Continuity of Care และความสัมพันธ์เชิงรักษาที่ต่อเนื่อง,Primary Nursing pp.1–2
Q052,U3,2,เป้าหมายของ Primary Nurse,ข้อใดอธิบาย “เป้าหมายของ Primary Nurse” ได้ถูกต้องที่สุด?,"โครงสร้างงานแยกบทบาท Nurse Manager, Primary Nurse และ Associate Nurse โดย Primary Nurse เป็นเจ้าของแผนดูแลหลักของผู้ป่วย",เป้าหมายครอบคลุมการยกระดับคุณภาพชีวิต การดูแลเฉพาะบุคคล การป้องกันภาวะแทรกซ้อน คุณภาพการพยาบาล และความต่อเนื่อง,Care Plan ที่ดีเชื่อม Nursing problem → Goal → Intervention → Indicator โดยเป้าหมายต้องวัดผลได้,"การประเมินของ Primary Nurse ต้องครอบคลุม Physical, Psychological, Social และ Rights/สิทธิการรักษา",B,หลักสำคัญ: เป้าหมายครอบคลุมการยกระดับคุณภาพชีวิต การดูแลเฉพาะบุคคล การป้องกันภาวะแทรกซ้อน คุณภาพการพยาบาล และความต่อเนื่อง การปฏิบัติที่สอดคล้อง: ใช้ข้อมูลผู้ป่วยรายบุคคลเพื่อจัดลำดับปัญหาและติดตามผลระยะยาว เป้าหมาย: ผู้ป่วยได้รับการดูแลแบบ patient-centered และต่อเนื่อง,Primary Nursing p.5
Q053,U3,2,เป้าหมายของ Primary Nurse,การปฏิบัติใดสอดคล้องกับ “เป้าหมายของ Primary Nurse” มากที่สุด?,ประเมินอาการ ภาวะโภชนาการ ความเครียด/ซึมเศร้า การสนับสนุนทางสังคม และข้อจำกัดด้านสิทธิ/การเข้าถึง,Primary Nurse วางแผนและติดตาม ส่วน Associate Nurse ปฏิบัติตามแผนและส่งต่อข้อมูลเมื่อ Primary Nurse ไม่อยู่,ใช้ข้อมูลผู้ป่วยรายบุคคลเพื่อจัดลำดับปัญหาและติดตามผลระยะยาว,กำหนดปัญหาและตัวชี้วัดที่ติดตามได้ ไม่เขียนเป้าหมายกว้างโดยไม่มีเกณฑ์,C,หลักสำคัญ: เป้าหมายครอบคลุมการยกระดับคุณภาพชีวิต การดูแลเฉพาะบุคคล การป้องกันภาวะแทรกซ้อน คุณภาพการพยาบาล และความต่อเนื่อง การปฏิบัติที่สอดคล้อง: ใช้ข้อมูลผู้ป่วยรายบุคคลเพื่อจัดลำดับปัญหาและติดตามผลระยะยาว เป้าหมาย: ผู้ป่วยได้รับการดูแลแบบ patient-centered และต่อเนื่อง,Primary Nursing p.5
Q054,U3,2,เป้าหมายของ Primary Nurse,ผลลัพธ์หรือเป้าหมายใดสัมพันธ์กับ “เป้าหมายของ Primary Nurse” โดยตรงที่สุด?,ผู้ป่วยได้รับการดูแลแบบ patient-centered และต่อเนื่อง,ความรับผิดชอบชัดเจนและลดข้อมูลตกหล่นระหว่างทีม,ได้แผนดูแลที่สอดคล้องกับปัญหาจริงทั้งด้านคลินิกและชีวิต,ประเมินได้ว่าการพยาบาลทำให้ผลลัพธ์ดีขึ้นหรือไม่,A,หลักสำคัญ: เป้าหมายครอบคลุมการยกระดับคุณภาพชีวิต การดูแลเฉพาะบุคคล การป้องกันภาวะแทรกซ้อน คุณภาพการพยาบาล และความต่อเนื่อง การปฏิบัติที่สอดคล้อง: ใช้ข้อมูลผู้ป่วยรายบุคคลเพื่อจัดลำดับปัญหาและติดตามผลระยะยาว เป้าหมาย: ผู้ป่วยได้รับการดูแลแบบ patient-centered และต่อเนื่อง,Primary Nursing p.5
Q055,U3,3,Assignment of Care,ข้อใดอธิบาย “Assignment of Care” ได้ถูกต้องที่สุด?,Care Plan ที่ดีเชื่อม Nursing problem → Goal → Intervention → Indicator โดยเป้าหมายต้องวัดผลได้,"โครงสร้างงานแยกบทบาท Nurse Manager, Primary Nurse และ Associate Nurse โดย Primary Nurse เป็นเจ้าของแผนดูแลหลักของผู้ป่วย","การประเมินของ Primary Nurse ต้องครอบคลุม Physical, Psychological, Social และ Rights/สิทธิการรักษา","การดูแลหนึ่งรอบฟอกเลือดต้องเชื่อม Pre-dialysis assessment, Intra-dialysis surveillance และ Post-dialysis evaluation/continuity",B,"หลักสำคัญ: โครงสร้างงานแยกบทบาท Nurse Manager, Primary Nurse และ Associate Nurse โดย Primary Nurse เป็นเจ้าของแผนดูแลหลักของผู้ป่วย การปฏิบัติที่สอดคล้อง: Primary Nurse วางแผนและติดตาม ส่วน Associate Nurse ปฏิบัติตามแผนและส่งต่อข้อมูลเมื่อ Primary Nurse ไม่อยู่ เป้าหมาย: ความรับผิดชอบชัดเจนและลดข้อมูลตกหล่นระหว่างทีม",Primary Nursing pp.6–7
Q056,U3,3,Assignment of Care,การปฏิบัติใดสอดคล้องกับ “Assignment of Care” มากที่สุด?,ประเมินอาการ ภาวะโภชนาการ ความเครียด/ซึมเศร้า การสนับสนุนทางสังคม และข้อจำกัดด้านสิทธิ/การเข้าถึง,ก่อนฟอกประเมินผู้ป่วย/access/prescription ระหว่างฟอกเฝ้าระวังและตอบสนองทันที หลังฟอกประเมินผล ให้ความรู้ และบันทึก,Primary Nurse วางแผนและติดตาม ส่วน Associate Nurse ปฏิบัติตามแผนและส่งต่อข้อมูลเมื่อ Primary Nurse ไม่อยู่,กำหนดปัญหาและตัวชี้วัดที่ติดตามได้ ไม่เขียนเป้าหมายกว้างโดยไม่มีเกณฑ์,C,"หลักสำคัญ: โครงสร้างงานแยกบทบาท Nurse Manager, Primary Nurse และ Associate Nurse โดย Primary Nurse เป็นเจ้าของแผนดูแลหลักของผู้ป่วย การปฏิบัติที่สอดคล้อง: Primary Nurse วางแผนและติดตาม ส่วน Associate Nurse ปฏิบัติตามแผนและส่งต่อข้อมูลเมื่อ Primary Nurse ไม่อยู่ เป้าหมาย: ความรับผิดชอบชัดเจนและลดข้อมูลตกหล่นระหว่างทีม",Primary Nursing pp.6–7
Q057,U3,3,Assignment of Care,ผลลัพธ์หรือเป้าหมายใดสัมพันธ์กับ “Assignment of Care” โดยตรงที่สุด?,ประเมินได้ว่าการพยาบาลทำให้ผลลัพธ์ดีขึ้นหรือไม่,ได้แผนดูแลที่สอดคล้องกับปัญหาจริงทั้งด้านคลินิกและชีวิต,ความปลอดภัยและความต่อเนื่องตลอด treatment cycle,ความรับผิดชอบชัดเจนและลดข้อมูลตกหล่นระหว่างทีม,D,"หลักสำคัญ: โครงสร้างงานแยกบทบาท Nurse Manager, Primary Nurse และ Associate Nurse โดย Primary Nurse เป็นเจ้าของแผนดูแลหลักของผู้ป่วย การปฏิบัติที่สอดคล้อง: Primary Nurse วางแผนและติดตาม ส่วน Associate Nurse ปฏิบัติตามแผนและส่งต่อข้อมูลเมื่อ Primary Nurse ไม่อยู่ เป้าหมาย: ความรับผิดชอบชัดเจนและลดข้อมูลตกหล่นระหว่างทีม",Primary Nursing pp.6–7
Q058,U3,4,Comprehensive Assessment,ข้อใดอธิบาย “Comprehensive Assessment” ได้ถูกต้องที่สุด?,"การประเมินของ Primary Nurse ต้องครอบคลุม Physical, Psychological, Social และ Rights/สิทธิการรักษา",Care Plan ที่ดีเชื่อม Nursing problem → Goal → Intervention → Indicator โดยเป้าหมายต้องวัดผลได้,"ระบบประกันคุณภาพในหน่วยไตเทียมต้องครอบคลุม infection control, RO water standard, adequacy/indicators และ incident reporting","การดูแลหนึ่งรอบฟอกเลือดต้องเชื่อม Pre-dialysis assessment, Intra-dialysis surveillance และ Post-dialysis evaluation/continuity",A,"หลักสำคัญ: การประเมินของ Primary Nurse ต้องครอบคลุม Physical, Psychological, Social และ Rights/สิทธิการรักษา การปฏิบัติที่สอดคล้อง: ประเมินอาการ ภาวะโภชนาการ ความเครียด/ซึมเศร้า การสนับสนุนทางสังคม และข้อจำกัดด้านสิทธิ/การเข้าถึง เป้าหมาย: ได้แผนดูแลที่สอดคล้องกับปัญหาจริงทั้งด้านคลินิกและชีวิต",Primary Nursing p.8
Q059,U3,4,Comprehensive Assessment,การปฏิบัติใดสอดคล้องกับ “Comprehensive Assessment” มากที่สุด?,ประเมินอาการ ภาวะโภชนาการ ความเครียด/ซึมเศร้า การสนับสนุนทางสังคม และข้อจำกัดด้านสิทธิ/การเข้าถึง,ใช้ข้อมูลคุณภาพและเหตุการณ์ความเสี่ยงเพื่อแก้ระบบ ไม่ใช้เฉพาะตรวจเอกสาร,กำหนดปัญหาและตัวชี้วัดที่ติดตามได้ ไม่เขียนเป้าหมายกว้างโดยไม่มีเกณฑ์,ก่อนฟอกประเมินผู้ป่วย/access/prescription ระหว่างฟอกเฝ้าระวังและตอบสนองทันที หลังฟอกประเมินผล ให้ความรู้ และบันทึก,A,"หลักสำคัญ: การประเมินของ Primary Nurse ต้องครอบคลุม Physical, Psychological, Social และ Rights/สิทธิการรักษา การปฏิบัติที่สอดคล้อง: ประเมินอาการ ภาวะโภชนาการ ความเครียด/ซึมเศร้า การสนับสนุนทางสังคม และข้อจำกัดด้านสิทธิ/การเข้าถึง เป้าหมาย: ได้แผนดูแลที่สอดคล้องกับปัญหาจริงทั้งด้านคลินิกและชีวิต",Primary Nursing p.8
Q060,U3,4,Comprehensive Assessment,ผลลัพธ์หรือเป้าหมายใดสัมพันธ์กับ “Comprehensive Assessment” โดยตรงที่สุด?,ประเมินได้ว่าการพยาบาลทำให้ผลลัพธ์ดีขึ้นหรือไม่,ความปลอดภัยและความต่อเนื่องตลอด treatment cycle,ได้แผนดูแลที่สอดคล้องกับปัญหาจริงทั้งด้านคลินิกและชีวิต,ลดความเสี่ยงและทำให้การดูแลเป็นมาตรฐานสม่ำเสมอ,C,"หลักสำคัญ: การประเมินของ Primary Nurse ต้องครอบคลุม Physical, Psychological, Social และ Rights/สิทธิการรักษา การปฏิบัติที่สอดคล้อง: ประเมินอาการ ภาวะโภชนาการ ความเครียด/ซึมเศร้า การสนับสนุนทางสังคม และข้อจำกัดด้านสิทธิ/การเข้าถึง เป้าหมาย: ได้แผนดูแลที่สอดคล้องกับปัญหาจริงทั้งด้านคลินิกและชีวิต",Primary Nursing p.8
Q061,U3,5,Nursing Care Plan,ข้อใดอธิบาย “Nursing Care Plan” ได้ถูกต้องที่สุด?,"การดูแลหนึ่งรอบฟอกเลือดต้องเชื่อม Pre-dialysis assessment, Intra-dialysis surveillance และ Post-dialysis evaluation/continuity","ระบบประกันคุณภาพในหน่วยไตเทียมต้องครอบคลุม infection control, RO water standard, adequacy/indicators และ incident reporting",Care Plan ที่ดีเชื่อม Nursing problem → Goal → Intervention → Indicator โดยเป้าหมายต้องวัดผลได้,Primary Nursing เน้นความรับผิดชอบต่อผู้ป่วยที่ได้รับมอบหมายอย่างต่อเนื่อง ต่างจากการดูแลแบบเปลี่ยนผู้รับผิดชอบเป็นรอบ,C,หลักสำคัญ: Care Plan ที่ดีเชื่อม Nursing problem → Goal → Intervention → Indicator โดยเป้าหมายต้องวัดผลได้ การปฏิบัติที่สอดคล้อง: กำหนดปัญหาและตัวชี้วัดที่ติดตามได้ ไม่เขียนเป้าหมายกว้างโดยไม่มีเกณฑ์ เป้าหมาย: ประเมินได้ว่าการพยาบาลทำให้ผลลัพธ์ดีขึ้นหรือไม่,Primary Nursing p.9
Q062,U3,5,Nursing Care Plan,การปฏิบัติใดสอดคล้องกับ “Nursing Care Plan” มากที่สุด?,ใช้ข้อมูลคุณภาพและเหตุการณ์ความเสี่ยงเพื่อแก้ระบบ ไม่ใช้เฉพาะตรวจเอกสาร,ก่อนฟอกประเมินผู้ป่วย/access/prescription ระหว่างฟอกเฝ้าระวังและตอบสนองทันที หลังฟอกประเมินผล ให้ความรู้ และบันทึก,กำหนด Primary Nurse ให้ติดตามผู้ป่วยคนเดิมและเชื่อมข้อมูลข้ามครั้งการรักษา,กำหนดปัญหาและตัวชี้วัดที่ติดตามได้ ไม่เขียนเป้าหมายกว้างโดยไม่มีเกณฑ์,D,หลักสำคัญ: Care Plan ที่ดีเชื่อม Nursing problem → Goal → Intervention → Indicator โดยเป้าหมายต้องวัดผลได้ การปฏิบัติที่สอดคล้อง: กำหนดปัญหาและตัวชี้วัดที่ติดตามได้ ไม่เขียนเป้าหมายกว้างโดยไม่มีเกณฑ์ เป้าหมาย: ประเมินได้ว่าการพยาบาลทำให้ผลลัพธ์ดีขึ้นหรือไม่,Primary Nursing p.9
Q063,U3,5,Nursing Care Plan,ผลลัพธ์หรือเป้าหมายใดสัมพันธ์กับ “Nursing Care Plan” โดยตรงที่สุด?,ลดความเสี่ยงและทำให้การดูแลเป็นมาตรฐานสม่ำเสมอ,ประเมินได้ว่าการพยาบาลทำให้ผลลัพธ์ดีขึ้นหรือไม่,ความปลอดภัยและความต่อเนื่องตลอด treatment cycle,เกิด Continuity of Care และความสัมพันธ์เชิงรักษาที่ต่อเนื่อง,B,หลักสำคัญ: Care Plan ที่ดีเชื่อม Nursing problem → Goal → Intervention → Indicator โดยเป้าหมายต้องวัดผลได้ การปฏิบัติที่สอดคล้อง: กำหนดปัญหาและตัวชี้วัดที่ติดตามได้ ไม่เขียนเป้าหมายกว้างโดยไม่มีเกณฑ์ เป้าหมาย: ประเมินได้ว่าการพยาบาลทำให้ผลลัพธ์ดีขึ้นหรือไม่,Primary Nursing p.9
Q064,U3,6,Patient Journey: Pre–Intra–Post Dialysis,ข้อใดอธิบาย “Patient Journey: Pre–Intra–Post Dialysis” ได้ถูกต้องที่สุด?,Primary Nursing เน้นความรับผิดชอบต่อผู้ป่วยที่ได้รับมอบหมายอย่างต่อเนื่อง ต่างจากการดูแลแบบเปลี่ยนผู้รับผิดชอบเป็นรอบ,"การดูแลหนึ่งรอบฟอกเลือดต้องเชื่อม Pre-dialysis assessment, Intra-dialysis surveillance และ Post-dialysis evaluation/continuity","ระบบประกันคุณภาพในหน่วยไตเทียมต้องครอบคลุม infection control, RO water standard, adequacy/indicators และ incident reporting",เป้าหมายครอบคลุมการยกระดับคุณภาพชีวิต การดูแลเฉพาะบุคคล การป้องกันภาวะแทรกซ้อน คุณภาพการพยาบาล และความต่อเนื่อง,B,"หลักสำคัญ: การดูแลหนึ่งรอบฟอกเลือดต้องเชื่อม Pre-dialysis assessment, Intra-dialysis surveillance และ Post-dialysis evaluation/continuity การปฏิบัติที่สอดคล้อง: ก่อนฟอกประเมินผู้ป่วย/access/prescription ระหว่างฟอกเฝ้าระวังและตอบสนองทันที หลังฟอกประเมินผล ให้ความรู้ และบันทึก เป้าหมาย: ความปลอดภัยและความต่อเนื่องตลอด treatment cycle",Primary Nursing pp.13–16
Q065,U3,6,Patient Journey: Pre–Intra–Post Dialysis,การปฏิบัติใดสอดคล้องกับ “Patient Journey: Pre–Intra–Post Dialysis” มากที่สุด?,ใช้ข้อมูลผู้ป่วยรายบุคคลเพื่อจัดลำดับปัญหาและติดตามผลระยะยาว,ก่อนฟอกประเมินผู้ป่วย/access/prescription ระหว่างฟอกเฝ้าระวังและตอบสนองทันที หลังฟอกประเมินผล ให้ความรู้ และบันทึก,ใช้ข้อมูลคุณภาพและเหตุการณ์ความเสี่ยงเพื่อแก้ระบบ ไม่ใช้เฉพาะตรวจเอกสาร,กำหนด Primary Nurse ให้ติดตามผู้ป่วยคนเดิมและเชื่อมข้อมูลข้ามครั้งการรักษา,B,"หลักสำคัญ: การดูแลหนึ่งรอบฟอกเลือดต้องเชื่อม Pre-dialysis assessment, Intra-dialysis surveillance และ Post-dialysis evaluation/continuity การปฏิบัติที่สอดคล้อง: ก่อนฟอกประเมินผู้ป่วย/access/prescription ระหว่างฟอกเฝ้าระวังและตอบสนองทันที หลังฟอกประเมินผล ให้ความรู้ และบันทึก เป้าหมาย: ความปลอดภัยและความต่อเนื่องตลอด treatment cycle",Primary Nursing pp.13–16
Q066,U3,6,Patient Journey: Pre–Intra–Post Dialysis,ผลลัพธ์หรือเป้าหมายใดสัมพันธ์กับ “Patient Journey: Pre–Intra–Post Dialysis” โดยตรงที่สุด?,เกิด Continuity of Care และความสัมพันธ์เชิงรักษาที่ต่อเนื่อง,ความปลอดภัยและความต่อเนื่องตลอด treatment cycle,ผู้ป่วยได้รับการดูแลแบบ patient-centered และต่อเนื่อง,ลดความเสี่ยงและทำให้การดูแลเป็นมาตรฐานสม่ำเสมอ,B,"หลักสำคัญ: การดูแลหนึ่งรอบฟอกเลือดต้องเชื่อม Pre-dialysis assessment, Intra-dialysis surveillance และ Post-dialysis evaluation/continuity การปฏิบัติที่สอดคล้อง: ก่อนฟอกประเมินผู้ป่วย/access/prescription ระหว่างฟอกเฝ้าระวังและตอบสนองทันที หลังฟอกประเมินผล ให้ความรู้ และบันทึก เป้าหมาย: ความปลอดภัยและความต่อเนื่องตลอด treatment cycle",Primary Nursing pp.13–16
Q067,U3,7,Quality Assurance Shield,ข้อใดอธิบาย “Quality Assurance Shield” ได้ถูกต้องที่สุด?,"โครงสร้างงานแยกบทบาท Nurse Manager, Primary Nurse และ Associate Nurse โดย Primary Nurse เป็นเจ้าของแผนดูแลหลักของผู้ป่วย",เป้าหมายครอบคลุมการยกระดับคุณภาพชีวิต การดูแลเฉพาะบุคคล การป้องกันภาวะแทรกซ้อน คุณภาพการพยาบาล และความต่อเนื่อง,"ระบบประกันคุณภาพในหน่วยไตเทียมต้องครอบคลุม infection control, RO water standard, adequacy/indicators และ incident reporting",Primary Nursing เน้นความรับผิดชอบต่อผู้ป่วยที่ได้รับมอบหมายอย่างต่อเนื่อง ต่างจากการดูแลแบบเปลี่ยนผู้รับผิดชอบเป็นรอบ,C,"หลักสำคัญ: ระบบประกันคุณภาพในหน่วยไตเทียมต้องครอบคลุม infection control, RO water standard, adequacy/indicators และ incident reporting การปฏิบัติที่สอดคล้อง: ใช้ข้อมูลคุณภาพและเหตุการณ์ความเสี่ยงเพื่อแก้ระบบ ไม่ใช้เฉพาะตรวจเอกสาร เป้าหมาย: ลดความเสี่ยงและทำให้การดูแลเป็นมาตรฐานสม่ำเสมอ",Primary Nursing p.17
Q068,U3,7,Quality Assurance Shield,การปฏิบัติใดสอดคล้องกับ “Quality Assurance Shield” มากที่สุด?,ใช้ข้อมูลผู้ป่วยรายบุคคลเพื่อจัดลำดับปัญหาและติดตามผลระยะยาว,ใช้ข้อมูลคุณภาพและเหตุการณ์ความเสี่ยงเพื่อแก้ระบบ ไม่ใช้เฉพาะตรวจเอกสาร,กำหนด Primary Nurse ให้ติดตามผู้ป่วยคนเดิมและเชื่อมข้อมูลข้ามครั้งการรักษา,Primary Nurse วางแผนและติดตาม ส่วน Associate Nurse ปฏิบัติตามแผนและส่งต่อข้อมูลเมื่อ Primary Nurse ไม่อยู่,B,"หลักสำคัญ: ระบบประกันคุณภาพในหน่วยไตเทียมต้องครอบคลุม infection control, RO water standard, adequacy/indicators และ incident reporting การปฏิบัติที่สอดคล้อง: ใช้ข้อมูลคุณภาพและเหตุการณ์ความเสี่ยงเพื่อแก้ระบบ ไม่ใช้เฉพาะตรวจเอกสาร เป้าหมาย: ลดความเสี่ยงและทำให้การดูแลเป็นมาตรฐานสม่ำเสมอ",Primary Nursing p.17
Q069,U3,7,Quality Assurance Shield,ผลลัพธ์หรือเป้าหมายใดสัมพันธ์กับ “Quality Assurance Shield” โดยตรงที่สุด?,ลดความเสี่ยงและทำให้การดูแลเป็นมาตรฐานสม่ำเสมอ,ความรับผิดชอบชัดเจนและลดข้อมูลตกหล่นระหว่างทีม,เกิด Continuity of Care และความสัมพันธ์เชิงรักษาที่ต่อเนื่อง,ผู้ป่วยได้รับการดูแลแบบ patient-centered และต่อเนื่อง,A,"หลักสำคัญ: ระบบประกันคุณภาพในหน่วยไตเทียมต้องครอบคลุม infection control, RO water standard, adequacy/indicators และ incident reporting การปฏิบัติที่สอดคล้อง: ใช้ข้อมูลคุณภาพและเหตุการณ์ความเสี่ยงเพื่อแก้ระบบ ไม่ใช้เฉพาะตรวจเอกสาร เป้าหมาย: ลดความเสี่ยงและทำให้การดูแลเป็นมาตรฐานสม่ำเสมอ",Primary Nursing p.17
Q070,U4,1,Case Manager Focus,ข้อใดอธิบาย “Case Manager Focus” ได้ถูกต้องที่สุด?,การมอบหมาย Case Manager ควรใช้ risk stratification เพื่อคัดผู้ป่วยที่ต้องการการจัดการเข้มข้น,"บทบาทหลักประกอบด้วย Care Coordinator, Clinical Monitor, Navigator, Educator และ Patient Advocate",Primary Nurse เน้น continuity ของผู้ป่วยที่ได้รับมอบหมาย ส่วน Case Manager เน้นความซับซ้อน การประสาน และการแก้ปัญหารายกรณี,Case Manager เน้นผู้ป่วยรายบุคคลที่มีความซับซ้อนสูงและต้องประสานการดูแลหลายด้าน,D,หลักสำคัญ: Case Manager เน้นผู้ป่วยรายบุคคลที่มีความซับซ้อนสูงและต้องประสานการดูแลหลายด้าน การปฏิบัติที่สอดคล้อง: คัดเลือกผู้ป่วยที่มีปัญหาซ้ำซ้อนหรือความเสี่ยงสูง แล้วสร้างแผนรายบุคคล เป้าหมาย: ลดปัญหาซ้ำและเพิ่มความต่อเนื่องของผู้ป่วยรายนั้น,Case Management pp.2–4
Q071,U4,1,Case Manager Focus,การปฏิบัติใดสอดคล้องกับ “Case Manager Focus” มากที่สุด?,ส่งต่อเข้าสู่ Case Management เมื่อปัญหาเกินกว่าการดูแลตาม routine primary nursing,สลับบทบาทตามปัญหาของผู้ป่วย เช่น ประสานทีม ติดตามอาการ ช่วยเข้าถึงบริการ สอน และพิทักษ์สิทธิ,คัดเลือกผู้ป่วยที่มีปัญหาซ้ำซ้อนหรือความเสี่ยงสูง แล้วสร้างแผนรายบุคคล,"ใช้ข้อมูล clinical risk, admission, access, adherence และ psychosocial barrier เพื่อจัดระดับความเสี่ยง",C,หลักสำคัญ: Case Manager เน้นผู้ป่วยรายบุคคลที่มีความซับซ้อนสูงและต้องประสานการดูแลหลายด้าน การปฏิบัติที่สอดคล้อง: คัดเลือกผู้ป่วยที่มีปัญหาซ้ำซ้อนหรือความเสี่ยงสูง แล้วสร้างแผนรายบุคคล เป้าหมาย: ลดปัญหาซ้ำและเพิ่มความต่อเนื่องของผู้ป่วยรายนั้น,Case Management pp.2–4
Q072,U4,1,Case Manager Focus,ผลลัพธ์หรือเป้าหมายใดสัมพันธ์กับ “Case Manager Focus” โดยตรงที่สุด?,ผู้ป่วยได้รับการดูแลเชื่อมโยงทั้งระบบและมีผู้รับผิดชอบชัดเจน,ทรัพยากร case management ถูกใช้กับผู้ป่วยที่ต้องการการประสานเข้มข้น,จัดลำดับความสำคัญและใช้เวลา Case Manager กับผู้ป่วยที่จำเป็นที่สุด,ลดปัญหาซ้ำและเพิ่มความต่อเนื่องของผู้ป่วยรายนั้น,D,หลักสำคัญ: Case Manager เน้นผู้ป่วยรายบุคคลที่มีความซับซ้อนสูงและต้องประสานการดูแลหลายด้าน การปฏิบัติที่สอดคล้อง: คัดเลือกผู้ป่วยที่มีปัญหาซ้ำซ้อนหรือความเสี่ยงสูง แล้วสร้างแผนรายบุคคล เป้าหมาย: ลดปัญหาซ้ำและเพิ่มความต่อเนื่องของผู้ป่วยรายนั้น,Case Management pp.2–4
Q073,U4,2,5-in-1 Case Manager Roles,ข้อใดอธิบาย “5-in-1 Case Manager Roles” ได้ถูกต้องที่สุด?,การมอบหมาย Case Manager ควรใช้ risk stratification เพื่อคัดผู้ป่วยที่ต้องการการจัดการเข้มข้น,"บทบาทหลักประกอบด้วย Care Coordinator, Clinical Monitor, Navigator, Educator และ Patient Advocate","Dashboard ของ Case Manager ครอบคลุม Disease, Access, Admission, Education และ Care Coordination",Primary Nurse เน้น continuity ของผู้ป่วยที่ได้รับมอบหมาย ส่วน Case Manager เน้นความซับซ้อน การประสาน และการแก้ปัญหารายกรณี,B,"หลักสำคัญ: บทบาทหลักประกอบด้วย Care Coordinator, Clinical Monitor, Navigator, Educator และ Patient Advocate การปฏิบัติที่สอดคล้อง: สลับบทบาทตามปัญหาของผู้ป่วย เช่น ประสานทีม ติดตามอาการ ช่วยเข้าถึงบริการ สอน และพิทักษ์สิทธิ เป้าหมาย: ผู้ป่วยได้รับการดูแลเชื่อมโยงทั้งระบบและมีผู้รับผิดชอบชัดเจน",Case Management p.5
Q074,U4,2,5-in-1 Case Manager Roles,การปฏิบัติใดสอดคล้องกับ “5-in-1 Case Manager Roles” มากที่สุด?,"ติดตาม adequacy/anemia/nutrition, access events, admissions, self-management และการประสานบริการร่วมกัน",ส่งต่อเข้าสู่ Case Management เมื่อปัญหาเกินกว่าการดูแลตาม routine primary nursing,"ใช้ข้อมูล clinical risk, admission, access, adherence และ psychosocial barrier เพื่อจัดระดับความเสี่ยง",สลับบทบาทตามปัญหาของผู้ป่วย เช่น ประสานทีม ติดตามอาการ ช่วยเข้าถึงบริการ สอน และพิทักษ์สิทธิ,D,"หลักสำคัญ: บทบาทหลักประกอบด้วย Care Coordinator, Clinical Monitor, Navigator, Educator และ Patient Advocate การปฏิบัติที่สอดคล้อง: สลับบทบาทตามปัญหาของผู้ป่วย เช่น ประสานทีม ติดตามอาการ ช่วยเข้าถึงบริการ สอน และพิทักษ์สิทธิ เป้าหมาย: ผู้ป่วยได้รับการดูแลเชื่อมโยงทั้งระบบและมีผู้รับผิดชอบชัดเจน",Case Management p.5
Q075,U4,2,5-in-1 Case Manager Roles,ผลลัพธ์หรือเป้าหมายใดสัมพันธ์กับ “5-in-1 Case Manager Roles” โดยตรงที่สุด?,ทรัพยากร case management ถูกใช้กับผู้ป่วยที่ต้องการการประสานเข้มข้น,จัดลำดับความสำคัญและใช้เวลา Case Manager กับผู้ป่วยที่จำเป็นที่สุด,ผู้ป่วยได้รับการดูแลเชื่อมโยงทั้งระบบและมีผู้รับผิดชอบชัดเจน,เห็นปัญหาหลายมิติของผู้ป่วยในหน้าจอเดียวและวางแผนได้ครบ,C,"หลักสำคัญ: บทบาทหลักประกอบด้วย Care Coordinator, Clinical Monitor, Navigator, Educator และ Patient Advocate การปฏิบัติที่สอดคล้อง: สลับบทบาทตามปัญหาของผู้ป่วย เช่น ประสานทีม ติดตามอาการ ช่วยเข้าถึงบริการ สอน และพิทักษ์สิทธิ เป้าหมาย: ผู้ป่วยได้รับการดูแลเชื่อมโยงทั้งระบบและมีผู้รับผิดชอบชัดเจน",Case Management p.5
Q076,U4,3,Primary Nurse vs Case Manager,ข้อใดอธิบาย “Primary Nurse vs Case Manager” ได้ถูกต้องที่สุด?,"Dashboard ของ Case Manager ครอบคลุม Disease, Access, Admission, Education และ Care Coordination",กระบวนการ 5 ขั้นคือ Screening & Assessment → Care Planning → Implementation & Coordination → Monitoring & Follow-up → Outcome Evaluation,การมอบหมาย Case Manager ควรใช้ risk stratification เพื่อคัดผู้ป่วยที่ต้องการการจัดการเข้มข้น,Primary Nurse เน้น continuity ของผู้ป่วยที่ได้รับมอบหมาย ส่วน Case Manager เน้นความซับซ้อน การประสาน และการแก้ปัญหารายกรณี,D,หลักสำคัญ: Primary Nurse เน้น continuity ของผู้ป่วยที่ได้รับมอบหมาย ส่วน Case Manager เน้นความซับซ้อน การประสาน และการแก้ปัญหารายกรณี การปฏิบัติที่สอดคล้อง: ส่งต่อเข้าสู่ Case Management เมื่อปัญหาเกินกว่าการดูแลตาม routine primary nursing เป้าหมาย: ทรัพยากร case management ถูกใช้กับผู้ป่วยที่ต้องการการประสานเข้มข้น,Case Management p.6
Q077,U4,3,Primary Nurse vs Case Manager,การปฏิบัติใดสอดคล้องกับ “Primary Nurse vs Case Manager” มากที่สุด?,ทำตามลำดับและวนกลับเมื่อผลลัพธ์ยังไม่ถึงเป้าหมาย,"ติดตาม adequacy/anemia/nutrition, access events, admissions, self-management และการประสานบริการร่วมกัน",ส่งต่อเข้าสู่ Case Management เมื่อปัญหาเกินกว่าการดูแลตาม routine primary nursing,"ใช้ข้อมูล clinical risk, admission, access, adherence และ psychosocial barrier เพื่อจัดระดับความเสี่ยง",C,หลักสำคัญ: Primary Nurse เน้น continuity ของผู้ป่วยที่ได้รับมอบหมาย ส่วน Case Manager เน้นความซับซ้อน การประสาน และการแก้ปัญหารายกรณี การปฏิบัติที่สอดคล้อง: ส่งต่อเข้าสู่ Case Management เมื่อปัญหาเกินกว่าการดูแลตาม routine primary nursing เป้าหมาย: ทรัพยากร case management ถูกใช้กับผู้ป่วยที่ต้องการการประสานเข้มข้น,Case Management p.6
Q078,U4,3,Primary Nurse vs Case Manager,ผลลัพธ์หรือเป้าหมายใดสัมพันธ์กับ “Primary Nurse vs Case Manager” โดยตรงที่สุด?,จัดลำดับความสำคัญและใช้เวลา Case Manager กับผู้ป่วยที่จำเป็นที่สุด,ทรัพยากร case management ถูกใช้กับผู้ป่วยที่ต้องการการประสานเข้มข้น,เห็นปัญหาหลายมิติของผู้ป่วยในหน้าจอเดียวและวางแผนได้ครบ,การจัดการรายกรณีมีวงจรชัดเจนและวัดผลได้,B,หลักสำคัญ: Primary Nurse เน้น continuity ของผู้ป่วยที่ได้รับมอบหมาย ส่วน Case Manager เน้นความซับซ้อน การประสาน และการแก้ปัญหารายกรณี การปฏิบัติที่สอดคล้อง: ส่งต่อเข้าสู่ Case Management เมื่อปัญหาเกินกว่าการดูแลตาม routine primary nursing เป้าหมาย: ทรัพยากร case management ถูกใช้กับผู้ป่วยที่ต้องการการประสานเข้มข้น,Case Management p.6
Q079,U4,4,Risk-Based Case Assignment,ข้อใดอธิบาย “Risk-Based Case Assignment” ได้ถูกต้องที่สุด?,"Dashboard ของ Case Manager ครอบคลุม Disease, Access, Admission, Education และ Care Coordination",กระบวนการ 5 ขั้นคือ Screening & Assessment → Care Planning → Implementation & Coordination → Monitoring & Follow-up → Outcome Evaluation,"Case Manager เป็นจุดเชื่อมระหว่าง nephrologist, nurses, dietitian, pharmacist, social worker และทีมอื่นตามปัญหา",การมอบหมาย Case Manager ควรใช้ risk stratification เพื่อคัดผู้ป่วยที่ต้องการการจัดการเข้มข้น,D,"หลักสำคัญ: การมอบหมาย Case Manager ควรใช้ risk stratification เพื่อคัดผู้ป่วยที่ต้องการการจัดการเข้มข้น การปฏิบัติที่สอดคล้อง: ใช้ข้อมูล clinical risk, admission, access, adherence และ psychosocial barrier เพื่อจัดระดับความเสี่ยง เป้าหมาย: จัดลำดับความสำคัญและใช้เวลา Case Manager กับผู้ป่วยที่จำเป็นที่สุด","Case Management pp.7,12"
Q080,U4,4,Risk-Based Case Assignment,การปฏิบัติใดสอดคล้องกับ “Risk-Based Case Assignment” มากที่สุด?,"ติดตาม adequacy/anemia/nutrition, access events, admissions, self-management และการประสานบริการร่วมกัน","ใช้ข้อมูล clinical risk, admission, access, adherence และ psychosocial barrier เพื่อจัดระดับความเสี่ยง",ทำตามลำดับและวนกลับเมื่อผลลัพธ์ยังไม่ถึงเป้าหมาย,กำหนดผู้รับผิดชอบและสื่อสาร care plan เดียวกันให้ทุกฝ่ายเห็น,B,"หลักสำคัญ: การมอบหมาย Case Manager ควรใช้ risk stratification เพื่อคัดผู้ป่วยที่ต้องการการจัดการเข้มข้น การปฏิบัติที่สอดคล้อง: ใช้ข้อมูล clinical risk, admission, access, adherence และ psychosocial barrier เพื่อจัดระดับความเสี่ยง เป้าหมาย: จัดลำดับความสำคัญและใช้เวลา Case Manager กับผู้ป่วยที่จำเป็นที่สุด","Case Management pp.7,12"
Q081,U4,4,Risk-Based Case Assignment,ผลลัพธ์หรือเป้าหมายใดสัมพันธ์กับ “Risk-Based Case Assignment” โดยตรงที่สุด?,จัดลำดับความสำคัญและใช้เวลา Case Manager กับผู้ป่วยที่จำเป็นที่สุด,เห็นปัญหาหลายมิติของผู้ป่วยในหน้าจอเดียวและวางแผนได้ครบ,ลด fragmented care และการทำงานซ้ำ/ขัดแย้งกัน,การจัดการรายกรณีมีวงจรชัดเจนและวัดผลได้,A,"หลักสำคัญ: การมอบหมาย Case Manager ควรใช้ risk stratification เพื่อคัดผู้ป่วยที่ต้องการการจัดการเข้มข้น การปฏิบัติที่สอดคล้อง: ใช้ข้อมูล clinical risk, admission, access, adherence และ psychosocial barrier เพื่อจัดระดับความเสี่ยง เป้าหมาย: จัดลำดับความสำคัญและใช้เวลา Case Manager กับผู้ป่วยที่จำเป็นที่สุด","Case Management pp.7,12"
Q082,U4,5,Case Manager Dashboard,ข้อใดอธิบาย “Case Manager Dashboard” ได้ถูกต้องที่สุด?,"Case Manager เป็นจุดเชื่อมระหว่าง nephrologist, nurses, dietitian, pharmacist, social worker และทีมอื่นตามปัญหา",กระบวนการ 5 ขั้นคือ Screening & Assessment → Care Planning → Implementation & Coordination → Monitoring & Follow-up → Outcome Evaluation,Case Manager เน้นผู้ป่วยรายบุคคลที่มีความซับซ้อนสูงและต้องประสานการดูแลหลายด้าน,"Dashboard ของ Case Manager ครอบคลุม Disease, Access, Admission, Education และ Care Coordination",D,"หลักสำคัญ: Dashboard ของ Case Manager ครอบคลุม Disease, Access, Admission, Education และ Care Coordination การปฏิบัติที่สอดคล้อง: ติดตาม adequacy/anemia/nutrition, access events, admissions, self-management และการประสานบริการร่วมกัน เป้าหมาย: เห็นปัญหาหลายมิติของผู้ป่วยในหน้าจอเดียวและวางแผนได้ครบ",Case Management p.11
Q083,U4,5,Case Manager Dashboard,การปฏิบัติใดสอดคล้องกับ “Case Manager Dashboard” มากที่สุด?,กำหนดผู้รับผิดชอบและสื่อสาร care plan เดียวกันให้ทุกฝ่ายเห็น,คัดเลือกผู้ป่วยที่มีปัญหาซ้ำซ้อนหรือความเสี่ยงสูง แล้วสร้างแผนรายบุคคล,ทำตามลำดับและวนกลับเมื่อผลลัพธ์ยังไม่ถึงเป้าหมาย,"ติดตาม adequacy/anemia/nutrition, access events, admissions, self-management และการประสานบริการร่วมกัน",D,"หลักสำคัญ: Dashboard ของ Case Manager ครอบคลุม Disease, Access, Admission, Education และ Care Coordination การปฏิบัติที่สอดคล้อง: ติดตาม adequacy/anemia/nutrition, access events, admissions, self-management และการประสานบริการร่วมกัน เป้าหมาย: เห็นปัญหาหลายมิติของผู้ป่วยในหน้าจอเดียวและวางแผนได้ครบ",Case Management p.11
Q084,U4,5,Case Manager Dashboard,ผลลัพธ์หรือเป้าหมายใดสัมพันธ์กับ “Case Manager Dashboard” โดยตรงที่สุด?,ลด fragmented care และการทำงานซ้ำ/ขัดแย้งกัน,การจัดการรายกรณีมีวงจรชัดเจนและวัดผลได้,ลดปัญหาซ้ำและเพิ่มความต่อเนื่องของผู้ป่วยรายนั้น,เห็นปัญหาหลายมิติของผู้ป่วยในหน้าจอเดียวและวางแผนได้ครบ,D,"หลักสำคัญ: Dashboard ของ Case Manager ครอบคลุม Disease, Access, Admission, Education และ Care Coordination การปฏิบัติที่สอดคล้อง: ติดตาม adequacy/anemia/nutrition, access events, admissions, self-management และการประสานบริการร่วมกัน เป้าหมาย: เห็นปัญหาหลายมิติของผู้ป่วยในหน้าจอเดียวและวางแผนได้ครบ",Case Management p.11
Q085,U4,6,Case Management Process 5 Steps,ข้อใดอธิบาย “Case Management Process 5 Steps” ได้ถูกต้องที่สุด?,"Case Manager เป็นจุดเชื่อมระหว่าง nephrologist, nurses, dietitian, pharmacist, social worker และทีมอื่นตามปัญหา",Case Manager เน้นผู้ป่วยรายบุคคลที่มีความซับซ้อนสูงและต้องประสานการดูแลหลายด้าน,"บทบาทหลักประกอบด้วย Care Coordinator, Clinical Monitor, Navigator, Educator และ Patient Advocate",กระบวนการ 5 ขั้นคือ Screening & Assessment → Care Planning → Implementation & Coordination → Monitoring & Follow-up → Outcome Evaluation,D,หลักสำคัญ: กระบวนการ 5 ขั้นคือ Screening & Assessment → Care Planning → Implementation & Coordination → Monitoring & Follow-up → Outcome Evaluation การปฏิบัติที่สอดคล้อง: ทำตามลำดับและวนกลับเมื่อผลลัพธ์ยังไม่ถึงเป้าหมาย เป้าหมาย: การจัดการรายกรณีมีวงจรชัดเจนและวัดผลได้,Case Management pp.14–17
Q086,U4,6,Case Management Process 5 Steps,การปฏิบัติใดสอดคล้องกับ “Case Management Process 5 Steps” มากที่สุด?,ทำตามลำดับและวนกลับเมื่อผลลัพธ์ยังไม่ถึงเป้าหมาย,กำหนดผู้รับผิดชอบและสื่อสาร care plan เดียวกันให้ทุกฝ่ายเห็น,คัดเลือกผู้ป่วยที่มีปัญหาซ้ำซ้อนหรือความเสี่ยงสูง แล้วสร้างแผนรายบุคคล,สลับบทบาทตามปัญหาของผู้ป่วย เช่น ประสานทีม ติดตามอาการ ช่วยเข้าถึงบริการ สอน และพิทักษ์สิทธิ,A,หลักสำคัญ: กระบวนการ 5 ขั้นคือ Screening & Assessment → Care Planning → Implementation & Coordination → Monitoring & Follow-up → Outcome Evaluation การปฏิบัติที่สอดคล้อง: ทำตามลำดับและวนกลับเมื่อผลลัพธ์ยังไม่ถึงเป้าหมาย เป้าหมาย: การจัดการรายกรณีมีวงจรชัดเจนและวัดผลได้,Case Management pp.14–17
Q087,U4,6,Case Management Process 5 Steps,ผลลัพธ์หรือเป้าหมายใดสัมพันธ์กับ “Case Management Process 5 Steps” โดยตรงที่สุด?,การจัดการรายกรณีมีวงจรชัดเจนและวัดผลได้,ลด fragmented care และการทำงานซ้ำ/ขัดแย้งกัน,ลดปัญหาซ้ำและเพิ่มความต่อเนื่องของผู้ป่วยรายนั้น,ผู้ป่วยได้รับการดูแลเชื่อมโยงทั้งระบบและมีผู้รับผิดชอบชัดเจน,A,หลักสำคัญ: กระบวนการ 5 ขั้นคือ Screening & Assessment → Care Planning → Implementation & Coordination → Monitoring & Follow-up → Outcome Evaluation การปฏิบัติที่สอดคล้อง: ทำตามลำดับและวนกลับเมื่อผลลัพธ์ยังไม่ถึงเป้าหมาย เป้าหมาย: การจัดการรายกรณีมีวงจรชัดเจนและวัดผลได้,Case Management pp.14–17
Q088,U4,7,Multidisciplinary Collaboration,ข้อใดอธิบาย “Multidisciplinary Collaboration” ได้ถูกต้องที่สุด?,Case Manager เน้นผู้ป่วยรายบุคคลที่มีความซับซ้อนสูงและต้องประสานการดูแลหลายด้าน,"Case Manager เป็นจุดเชื่อมระหว่าง nephrologist, nurses, dietitian, pharmacist, social worker และทีมอื่นตามปัญหา","บทบาทหลักประกอบด้วย Care Coordinator, Clinical Monitor, Navigator, Educator และ Patient Advocate",Primary Nurse เน้น continuity ของผู้ป่วยที่ได้รับมอบหมาย ส่วน Case Manager เน้นความซับซ้อน การประสาน และการแก้ปัญหารายกรณี,B,"หลักสำคัญ: Case Manager เป็นจุดเชื่อมระหว่าง nephrologist, nurses, dietitian, pharmacist, social worker และทีมอื่นตามปัญหา การปฏิบัติที่สอดคล้อง: กำหนดผู้รับผิดชอบและสื่อสาร care plan เดียวกันให้ทุกฝ่ายเห็น เป้าหมาย: ลด fragmented care และการทำงานซ้ำ/ขัดแย้งกัน",Case Management p.13
Q089,U4,7,Multidisciplinary Collaboration,การปฏิบัติใดสอดคล้องกับ “Multidisciplinary Collaboration” มากที่สุด?,คัดเลือกผู้ป่วยที่มีปัญหาซ้ำซ้อนหรือความเสี่ยงสูง แล้วสร้างแผนรายบุคคล,สลับบทบาทตามปัญหาของผู้ป่วย เช่น ประสานทีม ติดตามอาการ ช่วยเข้าถึงบริการ สอน และพิทักษ์สิทธิ,กำหนดผู้รับผิดชอบและสื่อสาร care plan เดียวกันให้ทุกฝ่ายเห็น,ส่งต่อเข้าสู่ Case Management เมื่อปัญหาเกินกว่าการดูแลตาม routine primary nursing,C,"หลักสำคัญ: Case Manager เป็นจุดเชื่อมระหว่าง nephrologist, nurses, dietitian, pharmacist, social worker และทีมอื่นตามปัญหา การปฏิบัติที่สอดคล้อง: กำหนดผู้รับผิดชอบและสื่อสาร care plan เดียวกันให้ทุกฝ่ายเห็น เป้าหมาย: ลด fragmented care และการทำงานซ้ำ/ขัดแย้งกัน",Case Management p.13
Q090,U4,7,Multidisciplinary Collaboration,ผลลัพธ์หรือเป้าหมายใดสัมพันธ์กับ “Multidisciplinary Collaboration” โดยตรงที่สุด?,ทรัพยากร case management ถูกใช้กับผู้ป่วยที่ต้องการการประสานเข้มข้น,ลด fragmented care และการทำงานซ้ำ/ขัดแย้งกัน,ผู้ป่วยได้รับการดูแลเชื่อมโยงทั้งระบบและมีผู้รับผิดชอบชัดเจน,ลดปัญหาซ้ำและเพิ่มความต่อเนื่องของผู้ป่วยรายนั้น,B,"หลักสำคัญ: Case Manager เป็นจุดเชื่อมระหว่าง nephrologist, nurses, dietitian, pharmacist, social worker และทีมอื่นตามปัญหา การปฏิบัติที่สอดคล้อง: กำหนดผู้รับผิดชอบและสื่อสาร care plan เดียวกันให้ทุกฝ่ายเห็น เป้าหมาย: ลด fragmented care และการทำงานซ้ำ/ขัดแย้งกัน",Case Management p.13
Q091,U5,1,Care Manager = Population-Based Care,ข้อใดอธิบาย “Care Manager = Population-Based Care” ได้ถูกต้องที่สุด?,ผลลัพธ์ระดับผู้ป่วยคือมาตรฐานการดูแล ลดภาวะแทรกซ้อน คุณภาพชีวิตดีขึ้น และลดการเสียชีวิต,Care Manager มุ่งบริหารระบบการดูแลผู้ป่วยทั้งกลุ่มและผลลัพธ์ของทั้งหน่วย ต่างจาก Case Manager ที่เน้นรายบุคคล,ผลลัพธ์ระดับหน่วยรวมลด admission/readmission เพิ่มคุณภาพ ผ่านมาตรฐานรับรอง และบรรลุตัวชี้วัดหน่วยไตเทียม,หน่วยไตเทียมต้องติดตามตัวชี้วัดต่อเนื่อง และความล้มเหลวของระบบอาจแสดงเป็น Kt/V ต่ำ anemia/albumin ควบคุมไม่ได้ CVC infection admission หรือ missed visits,B,หลักสำคัญ: Care Manager มุ่งบริหารระบบการดูแลผู้ป่วยทั้งกลุ่มและผลลัพธ์ของทั้งหน่วย ต่างจาก Case Manager ที่เน้นรายบุคคล การปฏิบัติที่สอดคล้อง: ใช้ dashboard และข้อมูลทั้ง population เพื่อระบุปัญหาระบบและกำหนดมาตรฐาน เป้าหมาย: คุณภาพการดูแลของผู้ป่วยทั้งหน่วยสม่ำเสมอขึ้น,Care Management p.2
Q092,U5,1,Care Manager = Population-Based Care,การปฏิบัติใดสอดคล้องกับ “Care Manager = Population-Based Care” มากที่สุด?,ติดตาม KPI เป็น trend และกำหนด improvement target ระดับหน่วย,กำหนด patient outcomes ที่ติดตามได้และเชื่อมกับ intervention ของหน่วย,ใช้ dashboard และข้อมูลทั้ง population เพื่อระบุปัญหาระบบและกำหนดมาตรฐาน,มอง pattern ของทั้งหน่วยก่อนสรุปว่าเป็นปัญหาของผู้ป่วยหรือพยาบาลรายคน,C,หลักสำคัญ: Care Manager มุ่งบริหารระบบการดูแลผู้ป่วยทั้งกลุ่มและผลลัพธ์ของทั้งหน่วย ต่างจาก Case Manager ที่เน้นรายบุคคล การปฏิบัติที่สอดคล้อง: ใช้ dashboard และข้อมูลทั้ง population เพื่อระบุปัญหาระบบและกำหนดมาตรฐาน เป้าหมาย: คุณภาพการดูแลของผู้ป่วยทั้งหน่วยสม่ำเสมอขึ้น,Care Management p.2
Q093,U5,1,Care Manager = Population-Based Care,ผลลัพธ์หรือเป้าหมายใดสัมพันธ์กับ “Care Manager = Population-Based Care” โดยตรงที่สุด?,คุณภาพการดูแลของผู้ป่วยทั้งหน่วยสม่ำเสมอขึ้น,ผลลัพธ์สะท้อนคุณค่าที่ผู้ป่วยได้รับ ไม่ใช่เพียงปริมาณบริการ,องค์กรเห็นผลของระบบดูแลและวางแผนพัฒนาคุณภาพได้,พบ system gap และแก้ที่ต้นเหตุแทนการแก้เฉพาะรายซ้ำ ๆ,A,หลักสำคัญ: Care Manager มุ่งบริหารระบบการดูแลผู้ป่วยทั้งกลุ่มและผลลัพธ์ของทั้งหน่วย ต่างจาก Case Manager ที่เน้นรายบุคคล การปฏิบัติที่สอดคล้อง: ใช้ dashboard และข้อมูลทั้ง population เพื่อระบุปัญหาระบบและกำหนดมาตรฐาน เป้าหมาย: คุณภาพการดูแลของผู้ป่วยทั้งหน่วยสม่ำเสมอขึ้น,Care Management p.2
Q094,U5,2,เหตุผลที่ต้องมี Care Management,ข้อใดอธิบาย “เหตุผลที่ต้องมี Care Management” ได้ถูกต้องที่สุด?,ผลลัพธ์ระดับผู้ป่วยคือมาตรฐานการดูแล ลดภาวะแทรกซ้อน คุณภาพชีวิตดีขึ้น และลดการเสียชีวิต,ผลลัพธ์ระดับหน่วยรวมลด admission/readmission เพิ่มคุณภาพ ผ่านมาตรฐานรับรอง และบรรลุตัวชี้วัดหน่วยไตเทียม,หน่วยไตเทียมต้องติดตามตัวชี้วัดต่อเนื่อง และความล้มเหลวของระบบอาจแสดงเป็น Kt/V ต่ำ anemia/albumin ควบคุมไม่ได้ CVC infection admission หรือ missed visits,"Care Manager ดู system/population, Case Manager ดู complex individual และ Primary Nurse ดู bedside execution/continuity",C,หลักสำคัญ: หน่วยไตเทียมต้องติดตามตัวชี้วัดต่อเนื่อง และความล้มเหลวของระบบอาจแสดงเป็น Kt/V ต่ำ anemia/albumin ควบคุมไม่ได้ CVC infection admission หรือ missed visits การปฏิบัติที่สอดคล้อง: มอง pattern ของทั้งหน่วยก่อนสรุปว่าเป็นปัญหาของผู้ป่วยหรือพยาบาลรายคน เป้าหมาย: พบ system gap และแก้ที่ต้นเหตุแทนการแก้เฉพาะรายซ้ำ ๆ,Care Management p.3
Q095,U5,2,เหตุผลที่ต้องมี Care Management,การปฏิบัติใดสอดคล้องกับ “เหตุผลที่ต้องมี Care Management” มากที่สุด?,เมื่อมีทั้งปัญหารายคนและ trend ทั้งหน่วย ให้แยก owner ของปัญหาให้ตรงระดับ,มอง pattern ของทั้งหน่วยก่อนสรุปว่าเป็นปัญหาของผู้ป่วยหรือพยาบาลรายคน,ติดตาม KPI เป็น trend และกำหนด improvement target ระดับหน่วย,กำหนด patient outcomes ที่ติดตามได้และเชื่อมกับ intervention ของหน่วย,B,หลักสำคัญ: หน่วยไตเทียมต้องติดตามตัวชี้วัดต่อเนื่อง และความล้มเหลวของระบบอาจแสดงเป็น Kt/V ต่ำ anemia/albumin ควบคุมไม่ได้ CVC infection admission หรือ missed visits การปฏิบัติที่สอดคล้อง: มอง pattern ของทั้งหน่วยก่อนสรุปว่าเป็นปัญหาของผู้ป่วยหรือพยาบาลรายคน เป้าหมาย: พบ system gap และแก้ที่ต้นเหตุแทนการแก้เฉพาะรายซ้ำ ๆ,Care Management p.3
Q096,U5,2,เหตุผลที่ต้องมี Care Management,ผลลัพธ์หรือเป้าหมายใดสัมพันธ์กับ “เหตุผลที่ต้องมี Care Management” โดยตรงที่สุด?,พบ system gap และแก้ที่ต้นเหตุแทนการแก้เฉพาะรายซ้ำ ๆ,ลดความซ้ำซ้อนของบทบาทและทำให้ escalation ชัดเจน,ผลลัพธ์สะท้อนคุณค่าที่ผู้ป่วยได้รับ ไม่ใช่เพียงปริมาณบริการ,องค์กรเห็นผลของระบบดูแลและวางแผนพัฒนาคุณภาพได้,A,หลักสำคัญ: หน่วยไตเทียมต้องติดตามตัวชี้วัดต่อเนื่อง และความล้มเหลวของระบบอาจแสดงเป็น Kt/V ต่ำ anemia/albumin ควบคุมไม่ได้ CVC infection admission หรือ missed visits การปฏิบัติที่สอดคล้อง: มอง pattern ของทั้งหน่วยก่อนสรุปว่าเป็นปัญหาของผู้ป่วยหรือพยาบาลรายคน เป้าหมาย: พบ system gap และแก้ที่ต้นเหตุแทนการแก้เฉพาะรายซ้ำ ๆ,Care Management p.3
Q097,U5,3,เป้าหมายด้านผู้ป่วย,ข้อใดอธิบาย “เป้าหมายด้านผู้ป่วย” ได้ถูกต้องที่สุด?,ผลลัพธ์ระดับหน่วยรวมลด admission/readmission เพิ่มคุณภาพ ผ่านมาตรฐานรับรอง และบรรลุตัวชี้วัดหน่วยไตเทียม,"เสาหลักคือ Clinical Governance, Quality Monitoring, Risk Management, Care Coordination และ Continuous Quality Improvement","Care Manager ดู system/population, Case Manager ดู complex individual และ Primary Nurse ดู bedside execution/continuity",ผลลัพธ์ระดับผู้ป่วยคือมาตรฐานการดูแล ลดภาวะแทรกซ้อน คุณภาพชีวิตดีขึ้น และลดการเสียชีวิต,D,หลักสำคัญ: ผลลัพธ์ระดับผู้ป่วยคือมาตรฐานการดูแล ลดภาวะแทรกซ้อน คุณภาพชีวิตดีขึ้น และลดการเสียชีวิต การปฏิบัติที่สอดคล้อง: กำหนด patient outcomes ที่ติดตามได้และเชื่อมกับ intervention ของหน่วย เป้าหมาย: ผลลัพธ์สะท้อนคุณค่าที่ผู้ป่วยได้รับ ไม่ใช่เพียงปริมาณบริการ,Care Management p.4
Q098,U5,3,เป้าหมายด้านผู้ป่วย,การปฏิบัติใดสอดคล้องกับ “เป้าหมายด้านผู้ป่วย” มากที่สุด?,เมื่อมีทั้งปัญหารายคนและ trend ทั้งหน่วย ให้แยก owner ของปัญหาให้ตรงระดับ,ติดตาม KPI เป็น trend และกำหนด improvement target ระดับหน่วย,กำหนด patient outcomes ที่ติดตามได้และเชื่อมกับ intervention ของหน่วย,ใช้ทั้งมาตรฐาน ข้อมูลความเสี่ยง การประสาน และวงจรปรับปรุงร่วมกัน,C,หลักสำคัญ: ผลลัพธ์ระดับผู้ป่วยคือมาตรฐานการดูแล ลดภาวะแทรกซ้อน คุณภาพชีวิตดีขึ้น และลดการเสียชีวิต การปฏิบัติที่สอดคล้อง: กำหนด patient outcomes ที่ติดตามได้และเชื่อมกับ intervention ของหน่วย เป้าหมาย: ผลลัพธ์สะท้อนคุณค่าที่ผู้ป่วยได้รับ ไม่ใช่เพียงปริมาณบริการ,Care Management p.4
Q099,U5,3,เป้าหมายด้านผู้ป่วย,ผลลัพธ์หรือเป้าหมายใดสัมพันธ์กับ “เป้าหมายด้านผู้ป่วย” โดยตรงที่สุด?,ผลลัพธ์สะท้อนคุณค่าที่ผู้ป่วยได้รับ ไม่ใช่เพียงปริมาณบริการ,ระบบดูแลปลอดภัยและพัฒนาได้ต่อเนื่อง,ลดความซ้ำซ้อนของบทบาทและทำให้ escalation ชัดเจน,องค์กรเห็นผลของระบบดูแลและวางแผนพัฒนาคุณภาพได้,A,หลักสำคัญ: ผลลัพธ์ระดับผู้ป่วยคือมาตรฐานการดูแล ลดภาวะแทรกซ้อน คุณภาพชีวิตดีขึ้น และลดการเสียชีวิต การปฏิบัติที่สอดคล้อง: กำหนด patient outcomes ที่ติดตามได้และเชื่อมกับ intervention ของหน่วย เป้าหมาย: ผลลัพธ์สะท้อนคุณค่าที่ผู้ป่วยได้รับ ไม่ใช่เพียงปริมาณบริการ,Care Management p.4
Q100,U5,4,เป้าหมายด้านหน่วยงาน,ข้อใดอธิบาย “เป้าหมายด้านหน่วยงาน” ได้ถูกต้องที่สุด?,"Care Manager ดู system/population, Case Manager ดู complex individual และ Primary Nurse ดู bedside execution/continuity","การวิเคราะห์ผลลัพธ์ต้องดู trend, benchmark/target, ความแปรปรวน และความสัมพันธ์กับ process ไม่ตัดสินจากค่าเดียว","เสาหลักคือ Clinical Governance, Quality Monitoring, Risk Management, Care Coordination และ Continuous Quality Improvement",ผลลัพธ์ระดับหน่วยรวมลด admission/readmission เพิ่มคุณภาพ ผ่านมาตรฐานรับรอง และบรรลุตัวชี้วัดหน่วยไตเทียม,D,หลักสำคัญ: ผลลัพธ์ระดับหน่วยรวมลด admission/readmission เพิ่มคุณภาพ ผ่านมาตรฐานรับรอง และบรรลุตัวชี้วัดหน่วยไตเทียม การปฏิบัติที่สอดคล้อง: ติดตาม KPI เป็น trend และกำหนด improvement target ระดับหน่วย เป้าหมาย: องค์กรเห็นผลของระบบดูแลและวางแผนพัฒนาคุณภาพได้,Care Management p.4
Q101,U5,4,เป้าหมายด้านหน่วยงาน,การปฏิบัติใดสอดคล้องกับ “เป้าหมายด้านหน่วยงาน” มากที่สุด?,เมื่อ KPI แย่ ให้หาว่าปัญหาเกิดที่ process ใดและกลุ่มผู้ป่วยใดก่อนเลือก intervention,ติดตาม KPI เป็น trend และกำหนด improvement target ระดับหน่วย,ใช้ทั้งมาตรฐาน ข้อมูลความเสี่ยง การประสาน และวงจรปรับปรุงร่วมกัน,เมื่อมีทั้งปัญหารายคนและ trend ทั้งหน่วย ให้แยก owner ของปัญหาให้ตรงระดับ,B,หลักสำคัญ: ผลลัพธ์ระดับหน่วยรวมลด admission/readmission เพิ่มคุณภาพ ผ่านมาตรฐานรับรอง และบรรลุตัวชี้วัดหน่วยไตเทียม การปฏิบัติที่สอดคล้อง: ติดตาม KPI เป็น trend และกำหนด improvement target ระดับหน่วย เป้าหมาย: องค์กรเห็นผลของระบบดูแลและวางแผนพัฒนาคุณภาพได้,Care Management p.4
Q102,U5,4,เป้าหมายด้านหน่วยงาน,ผลลัพธ์หรือเป้าหมายใดสัมพันธ์กับ “เป้าหมายด้านหน่วยงาน” โดยตรงที่สุด?,องค์กรเห็นผลของระบบดูแลและวางแผนพัฒนาคุณภาพได้,การแก้ปัญหาตรงสาเหตุและสามารถพิสูจน์ผลหลังปรับปรุง,ระบบดูแลปลอดภัยและพัฒนาได้ต่อเนื่อง,ลดความซ้ำซ้อนของบทบาทและทำให้ escalation ชัดเจน,A,หลักสำคัญ: ผลลัพธ์ระดับหน่วยรวมลด admission/readmission เพิ่มคุณภาพ ผ่านมาตรฐานรับรอง และบรรลุตัวชี้วัดหน่วยไตเทียม การปฏิบัติที่สอดคล้อง: ติดตาม KPI เป็น trend และกำหนด improvement target ระดับหน่วย เป้าหมาย: องค์กรเห็นผลของระบบดูแลและวางแผนพัฒนาคุณภาพได้,Care Management p.4
Q103,U5,5,Care Trinity Matrix,ข้อใดอธิบาย “Care Trinity Matrix” ได้ถูกต้องที่สุด?,"Care Manager ดู system/population, Case Manager ดู complex individual และ Primary Nurse ดู bedside execution/continuity",CQI ต้องมีข้อมูลตั้งต้น ระบุ gap ออกแบบ intervention นำไปใช้ แล้ววัดซ้ำ,"การวิเคราะห์ผลลัพธ์ต้องดู trend, benchmark/target, ความแปรปรวน และความสัมพันธ์กับ process ไม่ตัดสินจากค่าเดียว","เสาหลักคือ Clinical Governance, Quality Monitoring, Risk Management, Care Coordination และ Continuous Quality Improvement",A,"หลักสำคัญ: Care Manager ดู system/population, Case Manager ดู complex individual และ Primary Nurse ดู bedside execution/continuity การปฏิบัติที่สอดคล้อง: เมื่อมีทั้งปัญหารายคนและ trend ทั้งหน่วย ให้แยก owner ของปัญหาให้ตรงระดับ เป้าหมาย: ลดความซ้ำซ้อนของบทบาทและทำให้ escalation ชัดเจน","Care Management pp.2,7"
Q104,U5,5,Care Trinity Matrix,การปฏิบัติใดสอดคล้องกับ “Care Trinity Matrix” มากที่สุด?,กำหนด baseline และช่วงเวลาวัดซ้ำก่อนเริ่มโครงการปรับปรุง,เมื่อมีทั้งปัญหารายคนและ trend ทั้งหน่วย ให้แยก owner ของปัญหาให้ตรงระดับ,เมื่อ KPI แย่ ให้หาว่าปัญหาเกิดที่ process ใดและกลุ่มผู้ป่วยใดก่อนเลือก intervention,ใช้ทั้งมาตรฐาน ข้อมูลความเสี่ยง การประสาน และวงจรปรับปรุงร่วมกัน,B,"หลักสำคัญ: Care Manager ดู system/population, Case Manager ดู complex individual และ Primary Nurse ดู bedside execution/continuity การปฏิบัติที่สอดคล้อง: เมื่อมีทั้งปัญหารายคนและ trend ทั้งหน่วย ให้แยก owner ของปัญหาให้ตรงระดับ เป้าหมาย: ลดความซ้ำซ้อนของบทบาทและทำให้ escalation ชัดเจน","Care Management pp.2,7"
Q105,U5,5,Care Trinity Matrix,ผลลัพธ์หรือเป้าหมายใดสัมพันธ์กับ “Care Trinity Matrix” โดยตรงที่สุด?,การแก้ปัญหาตรงสาเหตุและสามารถพิสูจน์ผลหลังปรับปรุง,ลดความซ้ำซ้อนของบทบาทและทำให้ escalation ชัดเจน,ระบบดูแลปลอดภัยและพัฒนาได้ต่อเนื่อง,รู้ว่า intervention ทำให้ outcome เปลี่ยนจริงหรือไม่,B,"หลักสำคัญ: Care Manager ดู system/population, Case Manager ดู complex individual และ Primary Nurse ดู bedside execution/continuity การปฏิบัติที่สอดคล้อง: เมื่อมีทั้งปัญหารายคนและ trend ทั้งหน่วย ให้แยก owner ของปัญหาให้ตรงระดับ เป้าหมาย: ลดความซ้ำซ้อนของบทบาทและทำให้ escalation ชัดเจน","Care Management pp.2,7"
Q106,U5,6,5 Pillars of Care Management,ข้อใดอธิบาย “5 Pillars of Care Management” ได้ถูกต้องที่สุด?,CQI ต้องมีข้อมูลตั้งต้น ระบุ gap ออกแบบ intervention นำไปใช้ แล้ววัดซ้ำ,"การวิเคราะห์ผลลัพธ์ต้องดู trend, benchmark/target, ความแปรปรวน และความสัมพันธ์กับ process ไม่ตัดสินจากค่าเดียว",Care Manager มุ่งบริหารระบบการดูแลผู้ป่วยทั้งกลุ่มและผลลัพธ์ของทั้งหน่วย ต่างจาก Case Manager ที่เน้นรายบุคคล,"เสาหลักคือ Clinical Governance, Quality Monitoring, Risk Management, Care Coordination และ Continuous Quality Improvement",D,"หลักสำคัญ: เสาหลักคือ Clinical Governance, Quality Monitoring, Risk Management, Care Coordination และ Continuous Quality Improvement การปฏิบัติที่สอดคล้อง: ใช้ทั้งมาตรฐาน ข้อมูลความเสี่ยง การประสาน และวงจรปรับปรุงร่วมกัน เป้าหมาย: ระบบดูแลปลอดภัยและพัฒนาได้ต่อเนื่อง",Care Management pp.6–8
Q107,U5,6,5 Pillars of Care Management,การปฏิบัติใดสอดคล้องกับ “5 Pillars of Care Management” มากที่สุด?,เมื่อ KPI แย่ ให้หาว่าปัญหาเกิดที่ process ใดและกลุ่มผู้ป่วยใดก่อนเลือก intervention,ใช้ทั้งมาตรฐาน ข้อมูลความเสี่ยง การประสาน และวงจรปรับปรุงร่วมกัน,กำหนด baseline และช่วงเวลาวัดซ้ำก่อนเริ่มโครงการปรับปรุง,ใช้ dashboard และข้อมูลทั้ง population เพื่อระบุปัญหาระบบและกำหนดมาตรฐาน,B,"หลักสำคัญ: เสาหลักคือ Clinical Governance, Quality Monitoring, Risk Management, Care Coordination และ Continuous Quality Improvement การปฏิบัติที่สอดคล้อง: ใช้ทั้งมาตรฐาน ข้อมูลความเสี่ยง การประสาน และวงจรปรับปรุงร่วมกัน เป้าหมาย: ระบบดูแลปลอดภัยและพัฒนาได้ต่อเนื่อง",Care Management pp.6–8
Q108,U5,6,5 Pillars of Care Management,ผลลัพธ์หรือเป้าหมายใดสัมพันธ์กับ “5 Pillars of Care Management” โดยตรงที่สุด?,คุณภาพการดูแลของผู้ป่วยทั้งหน่วยสม่ำเสมอขึ้น,รู้ว่า intervention ทำให้ outcome เปลี่ยนจริงหรือไม่,ระบบดูแลปลอดภัยและพัฒนาได้ต่อเนื่อง,การแก้ปัญหาตรงสาเหตุและสามารถพิสูจน์ผลหลังปรับปรุง,C,"หลักสำคัญ: เสาหลักคือ Clinical Governance, Quality Monitoring, Risk Management, Care Coordination และ Continuous Quality Improvement การปฏิบัติที่สอดคล้อง: ใช้ทั้งมาตรฐาน ข้อมูลความเสี่ยง การประสาน และวงจรปรับปรุงร่วมกัน เป้าหมาย: ระบบดูแลปลอดภัยและพัฒนาได้ต่อเนื่อง",Care Management pp.6–8
Q109,U5,7,Outcome Analysis,ข้อใดอธิบาย “Outcome Analysis” ได้ถูกต้องที่สุด?,หน่วยไตเทียมต้องติดตามตัวชี้วัดต่อเนื่อง และความล้มเหลวของระบบอาจแสดงเป็น Kt/V ต่ำ anemia/albumin ควบคุมไม่ได้ CVC infection admission หรือ missed visits,CQI ต้องมีข้อมูลตั้งต้น ระบุ gap ออกแบบ intervention นำไปใช้ แล้ววัดซ้ำ,"การวิเคราะห์ผลลัพธ์ต้องดู trend, benchmark/target, ความแปรปรวน และความสัมพันธ์กับ process ไม่ตัดสินจากค่าเดียว",Care Manager มุ่งบริหารระบบการดูแลผู้ป่วยทั้งกลุ่มและผลลัพธ์ของทั้งหน่วย ต่างจาก Case Manager ที่เน้นรายบุคคล,C,"หลักสำคัญ: การวิเคราะห์ผลลัพธ์ต้องดู trend, benchmark/target, ความแปรปรวน และความสัมพันธ์กับ process ไม่ตัดสินจากค่าเดียว การปฏิบัติที่สอดคล้อง: เมื่อ KPI แย่ ให้หาว่าปัญหาเกิดที่ process ใดและกลุ่มผู้ป่วยใดก่อนเลือก intervention เป้าหมาย: การแก้ปัญหาตรงสาเหตุและสามารถพิสูจน์ผลหลังปรับปรุง",Care Management + Primary Nursing KPI sections
Q110,U5,7,Outcome Analysis,การปฏิบัติใดสอดคล้องกับ “Outcome Analysis” มากที่สุด?,กำหนด baseline และช่วงเวลาวัดซ้ำก่อนเริ่มโครงการปรับปรุง,เมื่อ KPI แย่ ให้หาว่าปัญหาเกิดที่ process ใดและกลุ่มผู้ป่วยใดก่อนเลือก intervention,ใช้ dashboard และข้อมูลทั้ง population เพื่อระบุปัญหาระบบและกำหนดมาตรฐาน,มอง pattern ของทั้งหน่วยก่อนสรุปว่าเป็นปัญหาของผู้ป่วยหรือพยาบาลรายคน,B,"หลักสำคัญ: การวิเคราะห์ผลลัพธ์ต้องดู trend, benchmark/target, ความแปรปรวน และความสัมพันธ์กับ process ไม่ตัดสินจากค่าเดียว การปฏิบัติที่สอดคล้อง: เมื่อ KPI แย่ ให้หาว่าปัญหาเกิดที่ process ใดและกลุ่มผู้ป่วยใดก่อนเลือก intervention เป้าหมาย: การแก้ปัญหาตรงสาเหตุและสามารถพิสูจน์ผลหลังปรับปรุง",Care Management + Primary Nursing KPI sections
Q111,U5,7,Outcome Analysis,ผลลัพธ์หรือเป้าหมายใดสัมพันธ์กับ “Outcome Analysis” โดยตรงที่สุด?,คุณภาพการดูแลของผู้ป่วยทั้งหน่วยสม่ำเสมอขึ้น,พบ system gap และแก้ที่ต้นเหตุแทนการแก้เฉพาะรายซ้ำ ๆ,รู้ว่า intervention ทำให้ outcome เปลี่ยนจริงหรือไม่,การแก้ปัญหาตรงสาเหตุและสามารถพิสูจน์ผลหลังปรับปรุง,D,"หลักสำคัญ: การวิเคราะห์ผลลัพธ์ต้องดู trend, benchmark/target, ความแปรปรวน และความสัมพันธ์กับ process ไม่ตัดสินจากค่าเดียว การปฏิบัติที่สอดคล้อง: เมื่อ KPI แย่ ให้หาว่าปัญหาเกิดที่ process ใดและกลุ่มผู้ป่วยใดก่อนเลือก intervention เป้าหมาย: การแก้ปัญหาตรงสาเหตุและสามารถพิสูจน์ผลหลังปรับปรุง",Care Management + Primary Nursing KPI sections
Q112,U5,8,CQI & Remeasurement,ข้อใดอธิบาย “CQI & Remeasurement” ได้ถูกต้องที่สุด?,CQI ต้องมีข้อมูลตั้งต้น ระบุ gap ออกแบบ intervention นำไปใช้ แล้ววัดซ้ำ,ผลลัพธ์ระดับผู้ป่วยคือมาตรฐานการดูแล ลดภาวะแทรกซ้อน คุณภาพชีวิตดีขึ้น และลดการเสียชีวิต,Care Manager มุ่งบริหารระบบการดูแลผู้ป่วยทั้งกลุ่มและผลลัพธ์ของทั้งหน่วย ต่างจาก Case Manager ที่เน้นรายบุคคล,หน่วยไตเทียมต้องติดตามตัวชี้วัดต่อเนื่อง และความล้มเหลวของระบบอาจแสดงเป็น Kt/V ต่ำ anemia/albumin ควบคุมไม่ได้ CVC infection admission หรือ missed visits,A,หลักสำคัญ: CQI ต้องมีข้อมูลตั้งต้น ระบุ gap ออกแบบ intervention นำไปใช้ แล้ววัดซ้ำ การปฏิบัติที่สอดคล้อง: กำหนด baseline และช่วงเวลาวัดซ้ำก่อนเริ่มโครงการปรับปรุง เป้าหมาย: รู้ว่า intervention ทำให้ outcome เปลี่ยนจริงหรือไม่,Care Management / RRT Competency quality improvement
Q113,U5,8,CQI & Remeasurement,การปฏิบัติใดสอดคล้องกับ “CQI & Remeasurement” มากที่สุด?,มอง pattern ของทั้งหน่วยก่อนสรุปว่าเป็นปัญหาของผู้ป่วยหรือพยาบาลรายคน,กำหนด patient outcomes ที่ติดตามได้และเชื่อมกับ intervention ของหน่วย,ใช้ dashboard และข้อมูลทั้ง population เพื่อระบุปัญหาระบบและกำหนดมาตรฐาน,กำหนด baseline และช่วงเวลาวัดซ้ำก่อนเริ่มโครงการปรับปรุง,D,หลักสำคัญ: CQI ต้องมีข้อมูลตั้งต้น ระบุ gap ออกแบบ intervention นำไปใช้ แล้ววัดซ้ำ การปฏิบัติที่สอดคล้อง: กำหนด baseline และช่วงเวลาวัดซ้ำก่อนเริ่มโครงการปรับปรุง เป้าหมาย: รู้ว่า intervention ทำให้ outcome เปลี่ยนจริงหรือไม่,Care Management / RRT Competency quality improvement
Q114,U5,8,CQI & Remeasurement,ผลลัพธ์หรือเป้าหมายใดสัมพันธ์กับ “CQI & Remeasurement” โดยตรงที่สุด?,คุณภาพการดูแลของผู้ป่วยทั้งหน่วยสม่ำเสมอขึ้น,พบ system gap และแก้ที่ต้นเหตุแทนการแก้เฉพาะรายซ้ำ ๆ,ผลลัพธ์สะท้อนคุณค่าที่ผู้ป่วยได้รับ ไม่ใช่เพียงปริมาณบริการ,รู้ว่า intervention ทำให้ outcome เปลี่ยนจริงหรือไม่,D,หลักสำคัญ: CQI ต้องมีข้อมูลตั้งต้น ระบุ gap ออกแบบ intervention นำไปใช้ แล้ววัดซ้ำ การปฏิบัติที่สอดคล้อง: กำหนด baseline และช่วงเวลาวัดซ้ำก่อนเริ่มโครงการปรับปรุง เป้าหมาย: รู้ว่า intervention ทำให้ outcome เปลี่ยนจริงหรือไม่,Care Management / RRT Competency quality improvement
Q115,U6,1,Nurse-led Care Model,ข้อใดอธิบาย “Nurse-led Care Model” ได้ถูกต้องที่สุด?,การตัดสินใจใน nurse-led clinic ต้องมีจุดตรวจ safety: หากอยู่ใน protocol ดำเนินการได้ หากนอก protocol/วิกฤตต้องส่งต่อ,สามเสาหลักคือแบ่งกลุ่มผู้ป่วยตามระดับความเสี่ยง การพยาบาลตามแนวทางปฏิบัติ และศูนย์กลางประสานงานสหสาขาวิชาชีพ,Nurse-led care คือการขยายบทบาทพยาบาลภายใต้มาตรฐานและขอบเขตที่กำหนด ไม่ใช่การทำงานแทนแพทย์โดยไม่มีระบบรองรับ,"วงจรประกอบด้วย proactive assessment, shared decision making, remote monitoring และ protocol-based care-plan adjustment",C,หลักสำคัญ: Nurse-led care คือการขยายบทบาทพยาบาลภายใต้มาตรฐานและขอบเขตที่กำหนด ไม่ใช่การทำงานแทนแพทย์โดยไม่มีระบบรองรับ การปฏิบัติที่สอดคล้อง: มอบหมายการประเมิน ติดตาม และการดำเนินการที่อยู่ใน protocol พร้อมระบบ escalation เป้าหมาย: ลดเวลารอและเพิ่มความต่อเนื่องโดยยังคงความปลอดภัย,Nurse-led Renal Care p.1
Q116,U6,1,Nurse-led Care Model,การปฏิบัติใดสอดคล้องกับ “Nurse-led Care Model” มากที่สุด?,มอบหมายการประเมิน ติดตาม และการดำเนินการที่อยู่ใน protocol พร้อมระบบ escalation,ใช้ risk tier เพื่อกำหนด intensity ของการติดตามและทำงานบน protocol เดียวกัน,ระบุ red flags และเกณฑ์ consult/referral ไว้ชัดเจนก่อนเริ่มบริการ,ติดตามภาวะแทรกซ้อนเชิงรุก พร้อมปรับแผนตาม protocol และเชื่อมการติดตามทางไกล,A,หลักสำคัญ: Nurse-led care คือการขยายบทบาทพยาบาลภายใต้มาตรฐานและขอบเขตที่กำหนด ไม่ใช่การทำงานแทนแพทย์โดยไม่มีระบบรองรับ การปฏิบัติที่สอดคล้อง: มอบหมายการประเมิน ติดตาม และการดำเนินการที่อยู่ใน protocol พร้อมระบบ escalation เป้าหมาย: ลดเวลารอและเพิ่มความต่อเนื่องโดยยังคงความปลอดภัย,Nurse-led Renal Care p.1
Q117,U6,1,Nurse-led Care Model,ผลลัพธ์หรือเป้าหมายใดสัมพันธ์กับ “Nurse-led Care Model” โดยตรงที่สุด?,ดูแลต่อเนื่องก่อนเกิด crisis และตอบสนองต่อการเปลี่ยนแปลงได้เร็ว,ขยายบทบาทพยาบาลโดยไม่ลด safety margin,การกระจายอำนาจทางคลินิกมีมาตรฐานและไม่เกิดการดูแลแบบต่างคนต่างทำ,ลดเวลารอและเพิ่มความต่อเนื่องโดยยังคงความปลอดภัย,D,หลักสำคัญ: Nurse-led care คือการขยายบทบาทพยาบาลภายใต้มาตรฐานและขอบเขตที่กำหนด ไม่ใช่การทำงานแทนแพทย์โดยไม่มีระบบรองรับ การปฏิบัติที่สอดคล้อง: มอบหมายการประเมิน ติดตาม และการดำเนินการที่อยู่ใน protocol พร้อมระบบ escalation เป้าหมาย: ลดเวลารอและเพิ่มความต่อเนื่องโดยยังคงความปลอดภัย,Nurse-led Renal Care p.1
Q118,U6,2,3 Pillars of Decentralized Care,ข้อใดอธิบาย “3 Pillars of Decentralized Care” ได้ถูกต้องที่สุด?,การติดตามต่อเนื่องสามารถใช้โทรศัพท์หรือ telehealth ภายใต้แผนที่กำหนด,สามเสาหลักคือแบ่งกลุ่มผู้ป่วยตามระดับความเสี่ยง การพยาบาลตามแนวทางปฏิบัติ และศูนย์กลางประสานงานสหสาขาวิชาชีพ,การตัดสินใจใน nurse-led clinic ต้องมีจุดตรวจ safety: หากอยู่ใน protocol ดำเนินการได้ หากนอก protocol/วิกฤตต้องส่งต่อ,"วงจรประกอบด้วย proactive assessment, shared decision making, remote monitoring และ protocol-based care-plan adjustment",B,หลักสำคัญ: สามเสาหลักคือแบ่งกลุ่มผู้ป่วยตามระดับความเสี่ยง การพยาบาลตามแนวทางปฏิบัติ และศูนย์กลางประสานงานสหสาขาวิชาชีพ การปฏิบัติที่สอดคล้อง: ใช้ risk tier เพื่อกำหนด intensity ของการติดตามและทำงานบน protocol เดียวกัน เป้าหมาย: การกระจายอำนาจทางคลินิกมีมาตรฐานและไม่เกิดการดูแลแบบต่างคนต่างทำ,Nurse-led Renal Care p.2
Q119,U6,2,3 Pillars of Decentralized Care,การปฏิบัติใดสอดคล้องกับ “3 Pillars of Decentralized Care” มากที่สุด?,ติดตามภาวะแทรกซ้อนเชิงรุก พร้อมปรับแผนตาม protocol และเชื่อมการติดตามทางไกล,ใช้ risk tier เพื่อกำหนด intensity ของการติดตามและทำงานบน protocol เดียวกัน,ระบุ red flags และเกณฑ์ consult/referral ไว้ชัดเจนก่อนเริ่มบริการ,ติดตามอาการ ผลลัพธ์ และ adherence หลังการปรับแผน พร้อมช่องทาง escalation,B,หลักสำคัญ: สามเสาหลักคือแบ่งกลุ่มผู้ป่วยตามระดับความเสี่ยง การพยาบาลตามแนวทางปฏิบัติ และศูนย์กลางประสานงานสหสาขาวิชาชีพ การปฏิบัติที่สอดคล้อง: ใช้ risk tier เพื่อกำหนด intensity ของการติดตามและทำงานบน protocol เดียวกัน เป้าหมาย: การกระจายอำนาจทางคลินิกมีมาตรฐานและไม่เกิดการดูแลแบบต่างคนต่างทำ,Nurse-led Renal Care p.2
Q120,U6,2,3 Pillars of Decentralized Care,ผลลัพธ์หรือเป้าหมายใดสัมพันธ์กับ “3 Pillars of Decentralized Care” โดยตรงที่สุด?,ดูแลต่อเนื่องก่อนเกิด crisis และตอบสนองต่อการเปลี่ยนแปลงได้เร็ว,ลดการขาดช่วงของการดูแลและตรวจพบปัญหาได้เร็วขึ้น,ขยายบทบาทพยาบาลโดยไม่ลด safety margin,การกระจายอำนาจทางคลินิกมีมาตรฐานและไม่เกิดการดูแลแบบต่างคนต่างทำ,D,หลักสำคัญ: สามเสาหลักคือแบ่งกลุ่มผู้ป่วยตามระดับความเสี่ยง การพยาบาลตามแนวทางปฏิบัติ และศูนย์กลางประสานงานสหสาขาวิชาชีพ การปฏิบัติที่สอดคล้อง: ใช้ risk tier เพื่อกำหนด intensity ของการติดตามและทำงานบน protocol เดียวกัน เป้าหมาย: การกระจายอำนาจทางคลินิกมีมาตรฐานและไม่เกิดการดูแลแบบต่างคนต่างทำ,Nurse-led Renal Care p.2
Q121,U6,3,360° Nurse-led Cycle,ข้อใดอธิบาย “360° Nurse-led Cycle” ได้ถูกต้องที่สุด?,การตัดสินใจใน nurse-led clinic ต้องมีจุดตรวจ safety: หากอยู่ใน protocol ดำเนินการได้ หากนอก protocol/วิกฤตต้องส่งต่อ,"การดูแล nurse-led ที่สมบูรณ์เชื่อม Clinical Management, Shared Decision Making และ Behavioral Design","วงจรประกอบด้วย proactive assessment, shared decision making, remote monitoring และ protocol-based care-plan adjustment",การติดตามต่อเนื่องสามารถใช้โทรศัพท์หรือ telehealth ภายใต้แผนที่กำหนด,C,"หลักสำคัญ: วงจรประกอบด้วย proactive assessment, shared decision making, remote monitoring และ protocol-based care-plan adjustment การปฏิบัติที่สอดคล้อง: ติดตามภาวะแทรกซ้อนเชิงรุก พร้อมปรับแผนตาม protocol และเชื่อมการติดตามทางไกล เป้าหมาย: ดูแลต่อเนื่องก่อนเกิด crisis และตอบสนองต่อการเปลี่ยนแปลงได้เร็ว",Nurse-led Renal Care p.3
Q122,U6,3,360° Nurse-led Cycle,การปฏิบัติใดสอดคล้องกับ “360° Nurse-led Cycle” มากที่สุด?,ระบุ red flags และเกณฑ์ consult/referral ไว้ชัดเจนก่อนเริ่มบริการ,ติดตามอาการ ผลลัพธ์ และ adherence หลังการปรับแผน พร้อมช่องทาง escalation,แก้ปัญหาคลินิกพร้อมเตรียมความเข้าใจ/ความพร้อมของผู้ป่วยและออกแบบพฤติกรรมที่ทำได้จริง,ติดตามภาวะแทรกซ้อนเชิงรุก พร้อมปรับแผนตาม protocol และเชื่อมการติดตามทางไกล,D,"หลักสำคัญ: วงจรประกอบด้วย proactive assessment, shared decision making, remote monitoring และ protocol-based care-plan adjustment การปฏิบัติที่สอดคล้อง: ติดตามภาวะแทรกซ้อนเชิงรุก พร้อมปรับแผนตาม protocol และเชื่อมการติดตามทางไกล เป้าหมาย: ดูแลต่อเนื่องก่อนเกิด crisis และตอบสนองต่อการเปลี่ยนแปลงได้เร็ว",Nurse-led Renal Care p.3
Q123,U6,3,360° Nurse-led Cycle,ผลลัพธ์หรือเป้าหมายใดสัมพันธ์กับ “360° Nurse-led Cycle” โดยตรงที่สุด?,ขยายบทบาทพยาบาลโดยไม่ลด safety margin,ดูแลต่อเนื่องก่อนเกิด crisis และตอบสนองต่อการเปลี่ยนแปลงได้เร็ว,ได้ผลทั้งด้านคลินิก ความเครียด/ความพร้อม และความยั่งยืนของพฤติกรรม,ลดการขาดช่วงของการดูแลและตรวจพบปัญหาได้เร็วขึ้น,B,"หลักสำคัญ: วงจรประกอบด้วย proactive assessment, shared decision making, remote monitoring และ protocol-based care-plan adjustment การปฏิบัติที่สอดคล้อง: ติดตามภาวะแทรกซ้อนเชิงรุก พร้อมปรับแผนตาม protocol และเชื่อมการติดตามทางไกล เป้าหมาย: ดูแลต่อเนื่องก่อนเกิด crisis และตอบสนองต่อการเปลี่ยนแปลงได้เร็ว",Nurse-led Renal Care p.3
Q124,U6,4,Safety Boundary & Escalation,ข้อใดอธิบาย “Safety Boundary & Escalation” ได้ถูกต้องที่สุด?,Nurse-led care คือการขยายบทบาทพยาบาลภายใต้มาตรฐานและขอบเขตที่กำหนด ไม่ใช่การทำงานแทนแพทย์โดยไม่มีระบบรองรับ,การตัดสินใจใน nurse-led clinic ต้องมีจุดตรวจ safety: หากอยู่ใน protocol ดำเนินการได้ หากนอก protocol/วิกฤตต้องส่งต่อ,การติดตามต่อเนื่องสามารถใช้โทรศัพท์หรือ telehealth ภายใต้แผนที่กำหนด,"การดูแล nurse-led ที่สมบูรณ์เชื่อม Clinical Management, Shared Decision Making และ Behavioral Design",B,หลักสำคัญ: การตัดสินใจใน nurse-led clinic ต้องมีจุดตรวจ safety: หากอยู่ใน protocol ดำเนินการได้ หากนอก protocol/วิกฤตต้องส่งต่อ การปฏิบัติที่สอดคล้อง: ระบุ red flags และเกณฑ์ consult/referral ไว้ชัดเจนก่อนเริ่มบริการ เป้าหมาย: ขยายบทบาทพยาบาลโดยไม่ลด safety margin,Nurse-led Renal Care p.4
Q125,U6,4,Safety Boundary & Escalation,การปฏิบัติใดสอดคล้องกับ “Safety Boundary & Escalation” มากที่สุด?,มอบหมายการประเมิน ติดตาม และการดำเนินการที่อยู่ใน protocol พร้อมระบบ escalation,แก้ปัญหาคลินิกพร้อมเตรียมความเข้าใจ/ความพร้อมของผู้ป่วยและออกแบบพฤติกรรมที่ทำได้จริง,ระบุ red flags และเกณฑ์ consult/referral ไว้ชัดเจนก่อนเริ่มบริการ,ติดตามอาการ ผลลัพธ์ และ adherence หลังการปรับแผน พร้อมช่องทาง escalation,C,หลักสำคัญ: การตัดสินใจใน nurse-led clinic ต้องมีจุดตรวจ safety: หากอยู่ใน protocol ดำเนินการได้ หากนอก protocol/วิกฤตต้องส่งต่อ การปฏิบัติที่สอดคล้อง: ระบุ red flags และเกณฑ์ consult/referral ไว้ชัดเจนก่อนเริ่มบริการ เป้าหมาย: ขยายบทบาทพยาบาลโดยไม่ลด safety margin,Nurse-led Renal Care p.4
Q126,U6,4,Safety Boundary & Escalation,ผลลัพธ์หรือเป้าหมายใดสัมพันธ์กับ “Safety Boundary & Escalation” โดยตรงที่สุด?,ได้ผลทั้งด้านคลินิก ความเครียด/ความพร้อม และความยั่งยืนของพฤติกรรม,ลดเวลารอและเพิ่มความต่อเนื่องโดยยังคงความปลอดภัย,ขยายบทบาทพยาบาลโดยไม่ลด safety margin,ลดการขาดช่วงของการดูแลและตรวจพบปัญหาได้เร็วขึ้น,C,หลักสำคัญ: การตัดสินใจใน nurse-led clinic ต้องมีจุดตรวจ safety: หากอยู่ใน protocol ดำเนินการได้ หากนอก protocol/วิกฤตต้องส่งต่อ การปฏิบัติที่สอดคล้อง: ระบุ red flags และเกณฑ์ consult/referral ไว้ชัดเจนก่อนเริ่มบริการ เป้าหมาย: ขยายบทบาทพยาบาลโดยไม่ลด safety margin,Nurse-led Renal Care p.4
Q127,U6,5,Remote Follow-up,ข้อใดอธิบาย “Remote Follow-up” ได้ถูกต้องที่สุด?,"การดูแล nurse-led ที่สมบูรณ์เชื่อม Clinical Management, Shared Decision Making และ Behavioral Design",Nurse-led care คือการขยายบทบาทพยาบาลภายใต้มาตรฐานและขอบเขตที่กำหนด ไม่ใช่การทำงานแทนแพทย์โดยไม่มีระบบรองรับ,การติดตามต่อเนื่องสามารถใช้โทรศัพท์หรือ telehealth ภายใต้แผนที่กำหนด,สามเสาหลักคือแบ่งกลุ่มผู้ป่วยตามระดับความเสี่ยง การพยาบาลตามแนวทางปฏิบัติ และศูนย์กลางประสานงานสหสาขาวิชาชีพ,C,หลักสำคัญ: การติดตามต่อเนื่องสามารถใช้โทรศัพท์หรือ telehealth ภายใต้แผนที่กำหนด การปฏิบัติที่สอดคล้อง: ติดตามอาการ ผลลัพธ์ และ adherence หลังการปรับแผน พร้อมช่องทาง escalation เป้าหมาย: ลดการขาดช่วงของการดูแลและตรวจพบปัญหาได้เร็วขึ้น,Nurse-led Renal Care pp.3–4
Q128,U6,5,Remote Follow-up,การปฏิบัติใดสอดคล้องกับ “Remote Follow-up” มากที่สุด?,ติดตามอาการ ผลลัพธ์ และ adherence หลังการปรับแผน พร้อมช่องทาง escalation,ใช้ risk tier เพื่อกำหนด intensity ของการติดตามและทำงานบน protocol เดียวกัน,แก้ปัญหาคลินิกพร้อมเตรียมความเข้าใจ/ความพร้อมของผู้ป่วยและออกแบบพฤติกรรมที่ทำได้จริง,มอบหมายการประเมิน ติดตาม และการดำเนินการที่อยู่ใน protocol พร้อมระบบ escalation,A,หลักสำคัญ: การติดตามต่อเนื่องสามารถใช้โทรศัพท์หรือ telehealth ภายใต้แผนที่กำหนด การปฏิบัติที่สอดคล้อง: ติดตามอาการ ผลลัพธ์ และ adherence หลังการปรับแผน พร้อมช่องทาง escalation เป้าหมาย: ลดการขาดช่วงของการดูแลและตรวจพบปัญหาได้เร็วขึ้น,Nurse-led Renal Care pp.3–4
Q129,U6,5,Remote Follow-up,ผลลัพธ์หรือเป้าหมายใดสัมพันธ์กับ “Remote Follow-up” โดยตรงที่สุด?,ลดการขาดช่วงของการดูแลและตรวจพบปัญหาได้เร็วขึ้น,การกระจายอำนาจทางคลินิกมีมาตรฐานและไม่เกิดการดูแลแบบต่างคนต่างทำ,ลดเวลารอและเพิ่มความต่อเนื่องโดยยังคงความปลอดภัย,ได้ผลทั้งด้านคลินิก ความเครียด/ความพร้อม และความยั่งยืนของพฤติกรรม,A,หลักสำคัญ: การติดตามต่อเนื่องสามารถใช้โทรศัพท์หรือ telehealth ภายใต้แผนที่กำหนด การปฏิบัติที่สอดคล้อง: ติดตามอาการ ผลลัพธ์ และ adherence หลังการปรับแผน พร้อมช่องทาง escalation เป้าหมาย: ลดการขาดช่วงของการดูแลและตรวจพบปัญหาได้เร็วขึ้น,Nurse-led Renal Care pp.3–4
Q130,U6,6,Clinical + SDM + Behavioral Design,ข้อใดอธิบาย “Clinical + SDM + Behavioral Design” ได้ถูกต้องที่สุด?,สามเสาหลักคือแบ่งกลุ่มผู้ป่วยตามระดับความเสี่ยง การพยาบาลตามแนวทางปฏิบัติ และศูนย์กลางประสานงานสหสาขาวิชาชีพ,"การดูแล nurse-led ที่สมบูรณ์เชื่อม Clinical Management, Shared Decision Making และ Behavioral Design",Nurse-led care คือการขยายบทบาทพยาบาลภายใต้มาตรฐานและขอบเขตที่กำหนด ไม่ใช่การทำงานแทนแพทย์โดยไม่มีระบบรองรับ,"วงจรประกอบด้วย proactive assessment, shared decision making, remote monitoring และ protocol-based care-plan adjustment",B,"หลักสำคัญ: การดูแล nurse-led ที่สมบูรณ์เชื่อม Clinical Management, Shared Decision Making และ Behavioral Design การปฏิบัติที่สอดคล้อง: แก้ปัญหาคลินิกพร้อมเตรียมความเข้าใจ/ความพร้อมของผู้ป่วยและออกแบบพฤติกรรมที่ทำได้จริง เป้าหมาย: ได้ผลทั้งด้านคลินิก ความเครียด/ความพร้อม และความยั่งยืนของพฤติกรรม",Nurse-led Renal Care p.5
Q131,U6,6,Clinical + SDM + Behavioral Design,การปฏิบัติใดสอดคล้องกับ “Clinical + SDM + Behavioral Design” มากที่สุด?,มอบหมายการประเมิน ติดตาม และการดำเนินการที่อยู่ใน protocol พร้อมระบบ escalation,แก้ปัญหาคลินิกพร้อมเตรียมความเข้าใจ/ความพร้อมของผู้ป่วยและออกแบบพฤติกรรมที่ทำได้จริง,ใช้ risk tier เพื่อกำหนด intensity ของการติดตามและทำงานบน protocol เดียวกัน,ติดตามภาวะแทรกซ้อนเชิงรุก พร้อมปรับแผนตาม protocol และเชื่อมการติดตามทางไกล,B,"หลักสำคัญ: การดูแล nurse-led ที่สมบูรณ์เชื่อม Clinical Management, Shared Decision Making และ Behavioral Design การปฏิบัติที่สอดคล้อง: แก้ปัญหาคลินิกพร้อมเตรียมความเข้าใจ/ความพร้อมของผู้ป่วยและออกแบบพฤติกรรมที่ทำได้จริง เป้าหมาย: ได้ผลทั้งด้านคลินิก ความเครียด/ความพร้อม และความยั่งยืนของพฤติกรรม",Nurse-led Renal Care p.5
Q132,U6,6,Clinical + SDM + Behavioral Design,ผลลัพธ์หรือเป้าหมายใดสัมพันธ์กับ “Clinical + SDM + Behavioral Design” โดยตรงที่สุด?,ลดเวลารอและเพิ่มความต่อเนื่องโดยยังคงความปลอดภัย,ได้ผลทั้งด้านคลินิก ความเครียด/ความพร้อม และความยั่งยืนของพฤติกรรม,ดูแลต่อเนื่องก่อนเกิด crisis และตอบสนองต่อการเปลี่ยนแปลงได้เร็ว,การกระจายอำนาจทางคลินิกมีมาตรฐานและไม่เกิดการดูแลแบบต่างคนต่างทำ,B,"หลักสำคัญ: การดูแล nurse-led ที่สมบูรณ์เชื่อม Clinical Management, Shared Decision Making และ Behavioral Design การปฏิบัติที่สอดคล้อง: แก้ปัญหาคลินิกพร้อมเตรียมความเข้าใจ/ความพร้อมของผู้ป่วยและออกแบบพฤติกรรมที่ทำได้จริง เป้าหมาย: ได้ผลทั้งด้านคลินิก ความเครียด/ความพร้อม และความยั่งยืนของพฤติกรรม",Nurse-led Renal Care p.5
Q133,U7,1,Shared Decision Making,ข้อใดอธิบาย “Shared Decision Making” ได้ถูกต้องที่สุด?,SDM คือกระบวนการที่ทีมรักษา ผู้ป่วย และครอบครัวแลกเปลี่ยนข้อมูลและร่วมเลือกแนวทางที่สอดคล้องกับเป้าหมายชีวิต,การเริ่ม RRT ไม่ควรใช้ค่า eGFR ค่าเดียว แต่ต้องพิจารณาอาการ ภาวะแทรกซ้อน และบริบททางคลินิก,Roadmap ประกอบด้วย Timing of Initiation → Modality Selection → Personal Dimensions → Advance Care Planning,"ทางเลือกหลักได้แก่ PD, HD และ KT โดยแต่ละวิธีมีข้อดี ข้อจำกัด และผลต่อวิถีชีวิตต่างกัน",A,หลักสำคัญ: SDM คือกระบวนการที่ทีมรักษา ผู้ป่วย และครอบครัวแลกเปลี่ยนข้อมูลและร่วมเลือกแนวทางที่สอดคล้องกับเป้าหมายชีวิต การปฏิบัติที่สอดคล้อง: อธิบายทางเลือกและ trade-off แล้วสำรวจคุณค่า/ความต้องการก่อนตัดสินใจ เป้าหมาย: การเลือก RRT สอดคล้องทั้งข้อมูลทางคลินิกและชีวิตของผู้ป่วย,Shared Renal Care Decisions pp.2–3
Q134,U7,1,Shared Decision Making,การปฏิบัติใดสอดคล้องกับ “Shared Decision Making” มากที่สุด?,อธิบายทางเลือกและ trade-off แล้วสำรวจคุณค่า/ความต้องการก่อนตัดสินใจ,"ประเมิน uremic symptoms, volume/electrolyte/acid-base problems และ trajectory ร่วมกัน",เปรียบเทียบทางเลือกให้ผู้ป่วยเห็นผลต่อเวลา การเดินทาง บ้าน ผู้ดูแล และความเป็นอิสระ,อย่าข้ามบริบทส่วนบุคคลและการวางแผนล่วงหน้าแม้เลือก modality ได้แล้ว,A,หลักสำคัญ: SDM คือกระบวนการที่ทีมรักษา ผู้ป่วย และครอบครัวแลกเปลี่ยนข้อมูลและร่วมเลือกแนวทางที่สอดคล้องกับเป้าหมายชีวิต การปฏิบัติที่สอดคล้อง: อธิบายทางเลือกและ trade-off แล้วสำรวจคุณค่า/ความต้องการก่อนตัดสินใจ เป้าหมาย: การเลือก RRT สอดคล้องทั้งข้อมูลทางคลินิกและชีวิตของผู้ป่วย,Shared Renal Care Decisions pp.2–3
Q135,U7,1,Shared Decision Making,ผลลัพธ์หรือเป้าหมายใดสัมพันธ์กับ “Shared Decision Making” โดยตรงที่สุด?,ลดการตัดสินใจแบบเร่งด่วนและเพิ่มความพร้อมระยะยาว,การเลือก RRT สอดคล้องทั้งข้อมูลทางคลินิกและชีวิตของผู้ป่วย,เริ่ม RRT ในเวลาที่เหมาะสม ไม่เร็วหรือช้าเพราะตัวเลขเดี่ยว,เลือก modality ที่เหมาะกับ clinical fit และ life fit,B,หลักสำคัญ: SDM คือกระบวนการที่ทีมรักษา ผู้ป่วย และครอบครัวแลกเปลี่ยนข้อมูลและร่วมเลือกแนวทางที่สอดคล้องกับเป้าหมายชีวิต การปฏิบัติที่สอดคล้อง: อธิบายทางเลือกและ trade-off แล้วสำรวจคุณค่า/ความต้องการก่อนตัดสินใจ เป้าหมาย: การเลือก RRT สอดคล้องทั้งข้อมูลทางคลินิกและชีวิตของผู้ป่วย,Shared Renal Care Decisions pp.2–3
Q136,U7,2,SDM Roadmap 4 Steps,ข้อใดอธิบาย “SDM Roadmap 4 Steps” ได้ถูกต้องที่สุด?,"ทางเลือกหลักได้แก่ PD, HD และ KT โดยแต่ละวิธีมีข้อดี ข้อจำกัด และผลต่อวิถีชีวิตต่างกัน",Roadmap ประกอบด้วย Timing of Initiation → Modality Selection → Personal Dimensions → Advance Care Planning,"ปัจจัย SDM ต้องรวม Medical context, Caregiver support, Financial/Welfare และ Goal of Care",การเริ่ม RRT ไม่ควรใช้ค่า eGFR ค่าเดียว แต่ต้องพิจารณาอาการ ภาวะแทรกซ้อน และบริบททางคลินิก,B,หลักสำคัญ: Roadmap ประกอบด้วย Timing of Initiation → Modality Selection → Personal Dimensions → Advance Care Planning การปฏิบัติที่สอดคล้อง: อย่าข้ามบริบทส่วนบุคคลและการวางแผนล่วงหน้าแม้เลือก modality ได้แล้ว เป้าหมาย: ลดการตัดสินใจแบบเร่งด่วนและเพิ่มความพร้อมระยะยาว,Shared Renal Care Decisions p.3
Q137,U7,2,SDM Roadmap 4 Steps,การปฏิบัติใดสอดคล้องกับ “SDM Roadmap 4 Steps” มากที่สุด?,อย่าข้ามบริบทส่วนบุคคลและการวางแผนล่วงหน้าแม้เลือก modality ได้แล้ว,ประเมินผู้ดูแล บ้าน การเดินทาง สิทธิ ค่าใช้จ่าย และเป้าหมายชีวิตก่อนสรุป feasibility,"ประเมิน uremic symptoms, volume/electrolyte/acid-base problems และ trajectory ร่วมกัน",เปรียบเทียบทางเลือกให้ผู้ป่วยเห็นผลต่อเวลา การเดินทาง บ้าน ผู้ดูแล และความเป็นอิสระ,A,หลักสำคัญ: Roadmap ประกอบด้วย Timing of Initiation → Modality Selection → Personal Dimensions → Advance Care Planning การปฏิบัติที่สอดคล้อง: อย่าข้ามบริบทส่วนบุคคลและการวางแผนล่วงหน้าแม้เลือก modality ได้แล้ว เป้าหมาย: ลดการตัดสินใจแบบเร่งด่วนและเพิ่มความพร้อมระยะยาว,Shared Renal Care Decisions p.3
Q138,U7,2,SDM Roadmap 4 Steps,ผลลัพธ์หรือเป้าหมายใดสัมพันธ์กับ “SDM Roadmap 4 Steps” โดยตรงที่สุด?,เลือก modality ที่เหมาะกับ clinical fit และ life fit,เริ่ม RRT ในเวลาที่เหมาะสม ไม่เร็วหรือช้าเพราะตัวเลขเดี่ยว,ลดการเลือกวิธีที่เหมาะทางการแพทย์แต่ไม่สามารถทำได้จริงในชีวิตประจำวัน,ลดการตัดสินใจแบบเร่งด่วนและเพิ่มความพร้อมระยะยาว,D,หลักสำคัญ: Roadmap ประกอบด้วย Timing of Initiation → Modality Selection → Personal Dimensions → Advance Care Planning การปฏิบัติที่สอดคล้อง: อย่าข้ามบริบทส่วนบุคคลและการวางแผนล่วงหน้าแม้เลือก modality ได้แล้ว เป้าหมาย: ลดการตัดสินใจแบบเร่งด่วนและเพิ่มความพร้อมระยะยาว,Shared Renal Care Decisions p.3
Q139,U7,3,Timing of Initiation,ข้อใดอธิบาย “Timing of Initiation” ได้ถูกต้องที่สุด?,ACP คือการเตรียมแผนล่วงหน้าสำหรับทางเลือกและสถานการณ์ในอนาคต รวมการเตรียม access และการป้องกัน emergency start,"ทางเลือกหลักได้แก่ PD, HD และ KT โดยแต่ละวิธีมีข้อดี ข้อจำกัด และผลต่อวิถีชีวิตต่างกัน",การเริ่ม RRT ไม่ควรใช้ค่า eGFR ค่าเดียว แต่ต้องพิจารณาอาการ ภาวะแทรกซ้อน และบริบททางคลินิก,"ปัจจัย SDM ต้องรวม Medical context, Caregiver support, Financial/Welfare และ Goal of Care",C,"หลักสำคัญ: การเริ่ม RRT ไม่ควรใช้ค่า eGFR ค่าเดียว แต่ต้องพิจารณาอาการ ภาวะแทรกซ้อน และบริบททางคลินิก การปฏิบัติที่สอดคล้อง: ประเมิน uremic symptoms, volume/electrolyte/acid-base problems และ trajectory ร่วมกัน เป้าหมาย: เริ่ม RRT ในเวลาที่เหมาะสม ไม่เร็วหรือช้าเพราะตัวเลขเดี่ยว",Shared Renal Care Decisions pp.4–5
Q140,U7,3,Timing of Initiation,การปฏิบัติใดสอดคล้องกับ “Timing of Initiation” มากที่สุด?,เปรียบเทียบทางเลือกให้ผู้ป่วยเห็นผลต่อเวลา การเดินทาง บ้าน ผู้ดูแล และความเป็นอิสระ,"กำหนด next step ที่ชัด เช่น access planning, transplant evaluation หรือ conservative-care discussion ตามบริบท",ประเมินผู้ดูแล บ้าน การเดินทาง สิทธิ ค่าใช้จ่าย และเป้าหมายชีวิตก่อนสรุป feasibility,"ประเมิน uremic symptoms, volume/electrolyte/acid-base problems และ trajectory ร่วมกัน",D,"หลักสำคัญ: การเริ่ม RRT ไม่ควรใช้ค่า eGFR ค่าเดียว แต่ต้องพิจารณาอาการ ภาวะแทรกซ้อน และบริบททางคลินิก การปฏิบัติที่สอดคล้อง: ประเมิน uremic symptoms, volume/electrolyte/acid-base problems และ trajectory ร่วมกัน เป้าหมาย: เริ่ม RRT ในเวลาที่เหมาะสม ไม่เร็วหรือช้าเพราะตัวเลขเดี่ยว",Shared Renal Care Decisions pp.4–5
Q141,U7,3,Timing of Initiation,ผลลัพธ์หรือเป้าหมายใดสัมพันธ์กับ “Timing of Initiation” โดยตรงที่สุด?,เริ่ม RRT ในเวลาที่เหมาะสม ไม่เร็วหรือช้าเพราะตัวเลขเดี่ยว,ลดการเลือกวิธีที่เหมาะทางการแพทย์แต่ไม่สามารถทำได้จริงในชีวิตประจำวัน,ผู้ป่วยมีแผนต่อเนื่องและลดการเริ่มรักษาแบบฉุกเฉิน,เลือก modality ที่เหมาะกับ clinical fit และ life fit,A,"หลักสำคัญ: การเริ่ม RRT ไม่ควรใช้ค่า eGFR ค่าเดียว แต่ต้องพิจารณาอาการ ภาวะแทรกซ้อน และบริบททางคลินิก การปฏิบัติที่สอดคล้อง: ประเมิน uremic symptoms, volume/electrolyte/acid-base problems และ trajectory ร่วมกัน เป้าหมาย: เริ่ม RRT ในเวลาที่เหมาะสม ไม่เร็วหรือช้าเพราะตัวเลขเดี่ยว",Shared Renal Care Decisions pp.4–5
Q142,U7,4,Modality Selection,ข้อใดอธิบาย “Modality Selection” ได้ถูกต้องที่สุด?,Care Pathway เชื่อม Pre-ESRD → RRT decision → Access planning → Dialysis initiation → Maintenance/High-risk care → Transition/Home monitoring → End-of-life care,ACP คือการเตรียมแผนล่วงหน้าสำหรับทางเลือกและสถานการณ์ในอนาคต รวมการเตรียม access และการป้องกัน emergency start,"ทางเลือกหลักได้แก่ PD, HD และ KT โดยแต่ละวิธีมีข้อดี ข้อจำกัด และผลต่อวิถีชีวิตต่างกัน","ปัจจัย SDM ต้องรวม Medical context, Caregiver support, Financial/Welfare และ Goal of Care",C,"หลักสำคัญ: ทางเลือกหลักได้แก่ PD, HD และ KT โดยแต่ละวิธีมีข้อดี ข้อจำกัด และผลต่อวิถีชีวิตต่างกัน การปฏิบัติที่สอดคล้อง: เปรียบเทียบทางเลือกให้ผู้ป่วยเห็นผลต่อเวลา การเดินทาง บ้าน ผู้ดูแล และความเป็นอิสระ เป้าหมาย: เลือก modality ที่เหมาะกับ clinical fit และ life fit",Shared Renal Care Decisions pp.6–12
Q143,U7,4,Modality Selection,การปฏิบัติใดสอดคล้องกับ “Modality Selection” มากที่สุด?,"กำหนด next step ที่ชัด เช่น access planning, transplant evaluation หรือ conservative-care discussion ตามบริบท","กำหนด owner, trigger และ next step ในแต่ละ stage เพื่อไม่ให้ผู้ป่วยหลุดจากระบบ",ประเมินผู้ดูแล บ้าน การเดินทาง สิทธิ ค่าใช้จ่าย และเป้าหมายชีวิตก่อนสรุป feasibility,เปรียบเทียบทางเลือกให้ผู้ป่วยเห็นผลต่อเวลา การเดินทาง บ้าน ผู้ดูแล และความเป็นอิสระ,D,"หลักสำคัญ: ทางเลือกหลักได้แก่ PD, HD และ KT โดยแต่ละวิธีมีข้อดี ข้อจำกัด และผลต่อวิถีชีวิตต่างกัน การปฏิบัติที่สอดคล้อง: เปรียบเทียบทางเลือกให้ผู้ป่วยเห็นผลต่อเวลา การเดินทาง บ้าน ผู้ดูแล และความเป็นอิสระ เป้าหมาย: เลือก modality ที่เหมาะกับ clinical fit และ life fit",Shared Renal Care Decisions pp.6–12
Q144,U7,4,Modality Selection,ผลลัพธ์หรือเป้าหมายใดสัมพันธ์กับ “Modality Selection” โดยตรงที่สุด?,ลด fragmented care ตลอดเส้นทาง ESRD,ลดการเลือกวิธีที่เหมาะทางการแพทย์แต่ไม่สามารถทำได้จริงในชีวิตประจำวัน,ผู้ป่วยมีแผนต่อเนื่องและลดการเริ่มรักษาแบบฉุกเฉิน,เลือก modality ที่เหมาะกับ clinical fit และ life fit,D,"หลักสำคัญ: ทางเลือกหลักได้แก่ PD, HD และ KT โดยแต่ละวิธีมีข้อดี ข้อจำกัด และผลต่อวิถีชีวิตต่างกัน การปฏิบัติที่สอดคล้อง: เปรียบเทียบทางเลือกให้ผู้ป่วยเห็นผลต่อเวลา การเดินทาง บ้าน ผู้ดูแล และความเป็นอิสระ เป้าหมาย: เลือก modality ที่เหมาะกับ clinical fit และ life fit",Shared Renal Care Decisions pp.6–12
Q145,U7,5,Personal Dimensions,ข้อใดอธิบาย “Personal Dimensions” ได้ถูกต้องที่สุด?,"Decision tools ช่วยเปลี่ยนข้อมูลกระจัดกระจายเป็นการคัดกรองความเสี่ยงและ action ที่กำหนดไว้ เช่น adequacy, anemia, access, nutrition, readmission และ self-management",Care Pathway เชื่อม Pre-ESRD → RRT decision → Access planning → Dialysis initiation → Maintenance/High-risk care → Transition/Home monitoring → End-of-life care,ACP คือการเตรียมแผนล่วงหน้าสำหรับทางเลือกและสถานการณ์ในอนาคต รวมการเตรียม access และการป้องกัน emergency start,"ปัจจัย SDM ต้องรวม Medical context, Caregiver support, Financial/Welfare และ Goal of Care",D,"หลักสำคัญ: ปัจจัย SDM ต้องรวม Medical context, Caregiver support, Financial/Welfare และ Goal of Care การปฏิบัติที่สอดคล้อง: ประเมินผู้ดูแล บ้าน การเดินทาง สิทธิ ค่าใช้จ่าย และเป้าหมายชีวิตก่อนสรุป feasibility เป้าหมาย: ลดการเลือกวิธีที่เหมาะทางการแพทย์แต่ไม่สามารถทำได้จริงในชีวิตประจำวัน",Shared Renal Care Decisions p.13
Q146,U7,5,Personal Dimensions,การปฏิบัติใดสอดคล้องกับ “Personal Dimensions” มากที่สุด?,ประเมินผู้ดูแล บ้าน การเดินทาง สิทธิ ค่าใช้จ่าย และเป้าหมายชีวิตก่อนสรุป feasibility,ใช้ tool เป็น decision support และนำผลเข้า case conference/แผนดูแล ไม่ใช้แทน clinical judgment,"กำหนด next step ที่ชัด เช่น access planning, transplant evaluation หรือ conservative-care discussion ตามบริบท","กำหนด owner, trigger และ next step ในแต่ละ stage เพื่อไม่ให้ผู้ป่วยหลุดจากระบบ",A,"หลักสำคัญ: ปัจจัย SDM ต้องรวม Medical context, Caregiver support, Financial/Welfare และ Goal of Care การปฏิบัติที่สอดคล้อง: ประเมินผู้ดูแล บ้าน การเดินทาง สิทธิ ค่าใช้จ่าย และเป้าหมายชีวิตก่อนสรุป feasibility เป้าหมาย: ลดการเลือกวิธีที่เหมาะทางการแพทย์แต่ไม่สามารถทำได้จริงในชีวิตประจำวัน",Shared Renal Care Decisions p.13
Q147,U7,5,Personal Dimensions,ผลลัพธ์หรือเป้าหมายใดสัมพันธ์กับ “Personal Dimensions” โดยตรงที่สุด?,ผู้ป่วยมีแผนต่อเนื่องและลดการเริ่มรักษาแบบฉุกเฉิน,การตัดสินใจสม่ำเสมอและมองเห็นผู้ป่วยเสี่ยงเร็วขึ้น,ลด fragmented care ตลอดเส้นทาง ESRD,ลดการเลือกวิธีที่เหมาะทางการแพทย์แต่ไม่สามารถทำได้จริงในชีวิตประจำวัน,D,"หลักสำคัญ: ปัจจัย SDM ต้องรวม Medical context, Caregiver support, Financial/Welfare และ Goal of Care การปฏิบัติที่สอดคล้อง: ประเมินผู้ดูแล บ้าน การเดินทาง สิทธิ ค่าใช้จ่าย และเป้าหมายชีวิตก่อนสรุป feasibility เป้าหมาย: ลดการเลือกวิธีที่เหมาะทางการแพทย์แต่ไม่สามารถทำได้จริงในชีวิตประจำวัน",Shared Renal Care Decisions p.13
Q148,U7,6,Advance Care Planning,ข้อใดอธิบาย “Advance Care Planning” ได้ถูกต้องที่สุด?,Care Pathway เชื่อม Pre-ESRD → RRT decision → Access planning → Dialysis initiation → Maintenance/High-risk care → Transition/Home monitoring → End-of-life care,ACP คือการเตรียมแผนล่วงหน้าสำหรับทางเลือกและสถานการณ์ในอนาคต รวมการเตรียม access และการป้องกัน emergency start,SDM คือกระบวนการที่ทีมรักษา ผู้ป่วย และครอบครัวแลกเปลี่ยนข้อมูลและร่วมเลือกแนวทางที่สอดคล้องกับเป้าหมายชีวิต,"Decision tools ช่วยเปลี่ยนข้อมูลกระจัดกระจายเป็นการคัดกรองความเสี่ยงและ action ที่กำหนดไว้ เช่น adequacy, anemia, access, nutrition, readmission และ self-management",B,"หลักสำคัญ: ACP คือการเตรียมแผนล่วงหน้าสำหรับทางเลือกและสถานการณ์ในอนาคต รวมการเตรียม access และการป้องกัน emergency start การปฏิบัติที่สอดคล้อง: กำหนด next step ที่ชัด เช่น access planning, transplant evaluation หรือ conservative-care discussion ตามบริบท เป้าหมาย: ผู้ป่วยมีแผนต่อเนื่องและลดการเริ่มรักษาแบบฉุกเฉิน",Shared Renal Care Decisions p.14
Q149,U7,6,Advance Care Planning,การปฏิบัติใดสอดคล้องกับ “Advance Care Planning” มากที่สุด?,"กำหนด owner, trigger และ next step ในแต่ละ stage เพื่อไม่ให้ผู้ป่วยหลุดจากระบบ",ใช้ tool เป็น decision support และนำผลเข้า case conference/แผนดูแล ไม่ใช้แทน clinical judgment,"กำหนด next step ที่ชัด เช่น access planning, transplant evaluation หรือ conservative-care discussion ตามบริบท",อธิบายทางเลือกและ trade-off แล้วสำรวจคุณค่า/ความต้องการก่อนตัดสินใจ,C,"หลักสำคัญ: ACP คือการเตรียมแผนล่วงหน้าสำหรับทางเลือกและสถานการณ์ในอนาคต รวมการเตรียม access และการป้องกัน emergency start การปฏิบัติที่สอดคล้อง: กำหนด next step ที่ชัด เช่น access planning, transplant evaluation หรือ conservative-care discussion ตามบริบท เป้าหมาย: ผู้ป่วยมีแผนต่อเนื่องและลดการเริ่มรักษาแบบฉุกเฉิน",Shared Renal Care Decisions p.14
Q150,U7,6,Advance Care Planning,ผลลัพธ์หรือเป้าหมายใดสัมพันธ์กับ “Advance Care Planning” โดยตรงที่สุด?,ผู้ป่วยมีแผนต่อเนื่องและลดการเริ่มรักษาแบบฉุกเฉิน,ลด fragmented care ตลอดเส้นทาง ESRD,การตัดสินใจสม่ำเสมอและมองเห็นผู้ป่วยเสี่ยงเร็วขึ้น,การเลือก RRT สอดคล้องทั้งข้อมูลทางคลินิกและชีวิตของผู้ป่วย,A,"หลักสำคัญ: ACP คือการเตรียมแผนล่วงหน้าสำหรับทางเลือกและสถานการณ์ในอนาคต รวมการเตรียม access และการป้องกัน emergency start การปฏิบัติที่สอดคล้อง: กำหนด next step ที่ชัด เช่น access planning, transplant evaluation หรือ conservative-care discussion ตามบริบท เป้าหมาย: ผู้ป่วยมีแผนต่อเนื่องและลดการเริ่มรักษาแบบฉุกเฉิน",Shared Renal Care Decisions p.14
Q151,U7,7,ESRD Care Pathway,ข้อใดอธิบาย “ESRD Care Pathway” ได้ถูกต้องที่สุด?,SDM คือกระบวนการที่ทีมรักษา ผู้ป่วย และครอบครัวแลกเปลี่ยนข้อมูลและร่วมเลือกแนวทางที่สอดคล้องกับเป้าหมายชีวิต,Roadmap ประกอบด้วย Timing of Initiation → Modality Selection → Personal Dimensions → Advance Care Planning,Care Pathway เชื่อม Pre-ESRD → RRT decision → Access planning → Dialysis initiation → Maintenance/High-risk care → Transition/Home monitoring → End-of-life care,"Decision tools ช่วยเปลี่ยนข้อมูลกระจัดกระจายเป็นการคัดกรองความเสี่ยงและ action ที่กำหนดไว้ เช่น adequacy, anemia, access, nutrition, readmission และ self-management",C,"หลักสำคัญ: Care Pathway เชื่อม Pre-ESRD → RRT decision → Access planning → Dialysis initiation → Maintenance/High-risk care → Transition/Home monitoring → End-of-life care การปฏิบัติที่สอดคล้อง: กำหนด owner, trigger และ next step ในแต่ละ stage เพื่อไม่ให้ผู้ป่วยหลุดจากระบบ เป้าหมาย: ลด fragmented care ตลอดเส้นทาง ESRD",Shared Renal Care Decisions pp.16–29
Q152,U7,7,ESRD Care Pathway,การปฏิบัติใดสอดคล้องกับ “ESRD Care Pathway” มากที่สุด?,ใช้ tool เป็น decision support และนำผลเข้า case conference/แผนดูแล ไม่ใช้แทน clinical judgment,อธิบายทางเลือกและ trade-off แล้วสำรวจคุณค่า/ความต้องการก่อนตัดสินใจ,"กำหนด owner, trigger และ next step ในแต่ละ stage เพื่อไม่ให้ผู้ป่วยหลุดจากระบบ",อย่าข้ามบริบทส่วนบุคคลและการวางแผนล่วงหน้าแม้เลือก modality ได้แล้ว,C,"หลักสำคัญ: Care Pathway เชื่อม Pre-ESRD → RRT decision → Access planning → Dialysis initiation → Maintenance/High-risk care → Transition/Home monitoring → End-of-life care การปฏิบัติที่สอดคล้อง: กำหนด owner, trigger และ next step ในแต่ละ stage เพื่อไม่ให้ผู้ป่วยหลุดจากระบบ เป้าหมาย: ลด fragmented care ตลอดเส้นทาง ESRD",Shared Renal Care Decisions pp.16–29
Q153,U7,7,ESRD Care Pathway,ผลลัพธ์หรือเป้าหมายใดสัมพันธ์กับ “ESRD Care Pathway” โดยตรงที่สุด?,ลดการตัดสินใจแบบเร่งด่วนและเพิ่มความพร้อมระยะยาว,การเลือก RRT สอดคล้องทั้งข้อมูลทางคลินิกและชีวิตของผู้ป่วย,การตัดสินใจสม่ำเสมอและมองเห็นผู้ป่วยเสี่ยงเร็วขึ้น,ลด fragmented care ตลอดเส้นทาง ESRD,D,"หลักสำคัญ: Care Pathway เชื่อม Pre-ESRD → RRT decision → Access planning → Dialysis initiation → Maintenance/High-risk care → Transition/Home monitoring → End-of-life care การปฏิบัติที่สอดคล้อง: กำหนด owner, trigger และ next step ในแต่ละ stage เพื่อไม่ให้ผู้ป่วยหลุดจากระบบ เป้าหมาย: ลด fragmented care ตลอดเส้นทาง ESRD",Shared Renal Care Decisions pp.16–29
Q154,U7,8,Clinical Decision Tools,ข้อใดอธิบาย “Clinical Decision Tools” ได้ถูกต้องที่สุด?,"Decision tools ช่วยเปลี่ยนข้อมูลกระจัดกระจายเป็นการคัดกรองความเสี่ยงและ action ที่กำหนดไว้ เช่น adequacy, anemia, access, nutrition, readmission และ self-management",SDM คือกระบวนการที่ทีมรักษา ผู้ป่วย และครอบครัวแลกเปลี่ยนข้อมูลและร่วมเลือกแนวทางที่สอดคล้องกับเป้าหมายชีวิต,Roadmap ประกอบด้วย Timing of Initiation → Modality Selection → Personal Dimensions → Advance Care Planning,การเริ่ม RRT ไม่ควรใช้ค่า eGFR ค่าเดียว แต่ต้องพิจารณาอาการ ภาวะแทรกซ้อน และบริบททางคลินิก,A,"หลักสำคัญ: Decision tools ช่วยเปลี่ยนข้อมูลกระจัดกระจายเป็นการคัดกรองความเสี่ยงและ action ที่กำหนดไว้ เช่น adequacy, anemia, access, nutrition, readmission และ self-management การปฏิบัติที่สอดคล้อง: ใช้ tool เป็น decision support และนำผลเข้า case conference/แผนดูแล ไม่ใช้แทน clinical judgment เป้าหมาย: การตัดสินใจสม่ำเสมอและมองเห็นผู้ป่วยเสี่ยงเร็วขึ้น",Shared Renal Care Decisions pp.30–39
Q155,U7,8,Clinical Decision Tools,การปฏิบัติใดสอดคล้องกับ “Clinical Decision Tools” มากที่สุด?,อย่าข้ามบริบทส่วนบุคคลและการวางแผนล่วงหน้าแม้เลือก modality ได้แล้ว,อธิบายทางเลือกและ trade-off แล้วสำรวจคุณค่า/ความต้องการก่อนตัดสินใจ,ใช้ tool เป็น decision support และนำผลเข้า case conference/แผนดูแล ไม่ใช้แทน clinical judgment,"ประเมิน uremic symptoms, volume/electrolyte/acid-base problems และ trajectory ร่วมกัน",C,"หลักสำคัญ: Decision tools ช่วยเปลี่ยนข้อมูลกระจัดกระจายเป็นการคัดกรองความเสี่ยงและ action ที่กำหนดไว้ เช่น adequacy, anemia, access, nutrition, readmission และ self-management การปฏิบัติที่สอดคล้อง: ใช้ tool เป็น decision support และนำผลเข้า case conference/แผนดูแล ไม่ใช้แทน clinical judgment เป้าหมาย: การตัดสินใจสม่ำเสมอและมองเห็นผู้ป่วยเสี่ยงเร็วขึ้น",Shared Renal Care Decisions pp.30–39
Q156,U7,8,Clinical Decision Tools,ผลลัพธ์หรือเป้าหมายใดสัมพันธ์กับ “Clinical Decision Tools” โดยตรงที่สุด?,ลดการตัดสินใจแบบเร่งด่วนและเพิ่มความพร้อมระยะยาว,การเลือก RRT สอดคล้องทั้งข้อมูลทางคลินิกและชีวิตของผู้ป่วย,เริ่ม RRT ในเวลาที่เหมาะสม ไม่เร็วหรือช้าเพราะตัวเลขเดี่ยว,การตัดสินใจสม่ำเสมอและมองเห็นผู้ป่วยเสี่ยงเร็วขึ้น,D,"หลักสำคัญ: Decision tools ช่วยเปลี่ยนข้อมูลกระจัดกระจายเป็นการคัดกรองความเสี่ยงและ action ที่กำหนดไว้ เช่น adequacy, anemia, access, nutrition, readmission และ self-management การปฏิบัติที่สอดคล้อง: ใช้ tool เป็น decision support และนำผลเข้า case conference/แผนดูแล ไม่ใช้แทน clinical judgment เป้าหมาย: การตัดสินใจสม่ำเสมอและมองเห็นผู้ป่วยเสี่ยงเร็วขึ้น",Shared Renal Care Decisions pp.30–39
Q157,U8,1,Psychosocial Assessment,ข้อใดอธิบาย “Psychosocial Assessment” ได้ถูกต้องที่สุด?,PHQ-9/GAD-7 ใช้คัดกรอง ไม่ใช่เครื่องมือยืนยันการวินิจฉัยโดยลำพัง และอาการทางกายของ CKD อาจซ้อนทับอาการทางอารมณ์,การประเมินผู้ป่วยโรคไตต้องครอบคลุมความเครียด ซึมเศร้า ความเชื่อ บทบาทครอบครัว การสนับสนุน และอุปสรรคทางสังคม,"สมรรถนะพยาบาล RRT ครอบคลุม clinical, technology, teaching/counseling, ethics, information technology, teamwork, infection control, QI/research และ leadership",ผู้ป่วย CKD ระยะก้าวหน้ามักมีหลายอาการร่วมกัน จึงต้องประเมินสาเหตุและจัดการอย่างเป็นระบบ ไม่รักษาอาการแบบแยกส่วน,B,หลักสำคัญ: การประเมินผู้ป่วยโรคไตต้องครอบคลุมความเครียด ซึมเศร้า ความเชื่อ บทบาทครอบครัว การสนับสนุน และอุปสรรคทางสังคม การปฏิบัติที่สอดคล้อง: ใช้การสนทนาและเครื่องมือคัดกรองเป็นส่วนหนึ่งของการประเมิน ไม่ใช้คะแนนแทนการประเมินทั้งหมด เป้าหมาย: พบปัจจัยที่กระทบ adherence คุณภาพชีวิต และความเป็นไปได้ของแผนรักษา,Psychosocial CKD + Self-Management CKD
Q158,U8,1,Psychosocial Assessment,การปฏิบัติใดสอดคล้องกับ “Psychosocial Assessment” มากที่สุด?,แปลผลร่วมกับการสัมภาษณ์ ความเสี่ยง และอาการทางกายของโรคไต,"ประเมิน nausea, dyspnea, fatigue, pruritus และอาการอื่นร่วมกับ anemia, fluid, uremia, nutrition และยา",ใช้การสนทนาและเครื่องมือคัดกรองเป็นส่วนหนึ่งของการประเมิน ไม่ใช้คะแนนแทนการประเมินทั้งหมด,ประเมินช่องว่างสมรรถนะเป็นรายด้านและพัฒนาต่อเนื่อง ไม่ใช้การผ่านอบรมครั้งเดียวแทน competency,C,หลักสำคัญ: การประเมินผู้ป่วยโรคไตต้องครอบคลุมความเครียด ซึมเศร้า ความเชื่อ บทบาทครอบครัว การสนับสนุน และอุปสรรคทางสังคม การปฏิบัติที่สอดคล้อง: ใช้การสนทนาและเครื่องมือคัดกรองเป็นส่วนหนึ่งของการประเมิน ไม่ใช้คะแนนแทนการประเมินทั้งหมด เป้าหมาย: พบปัจจัยที่กระทบ adherence คุณภาพชีวิต และความเป็นไปได้ของแผนรักษา,Psychosocial CKD + Self-Management CKD
Q159,U8,1,Psychosocial Assessment,ผลลัพธ์หรือเป้าหมายใดสัมพันธ์กับ “Psychosocial Assessment” โดยตรงที่สุด?,คัดกรองผู้มีปัญหาได้เร็วโดยลดการตีความผิดจาก symptom overlap,เพิ่มความปลอดภัยและคุณภาพการดูแล RRT,พบปัจจัยที่กระทบ adherence คุณภาพชีวิต และความเป็นไปได้ของแผนรักษา,ลด symptom burden และเพิ่มคุณภาพชีวิต,C,หลักสำคัญ: การประเมินผู้ป่วยโรคไตต้องครอบคลุมความเครียด ซึมเศร้า ความเชื่อ บทบาทครอบครัว การสนับสนุน และอุปสรรคทางสังคม การปฏิบัติที่สอดคล้อง: ใช้การสนทนาและเครื่องมือคัดกรองเป็นส่วนหนึ่งของการประเมิน ไม่ใช้คะแนนแทนการประเมินทั้งหมด เป้าหมาย: พบปัจจัยที่กระทบ adherence คุณภาพชีวิต และความเป็นไปได้ของแผนรักษา,Psychosocial CKD + Self-Management CKD
Q160,U8,2,Depression & Anxiety Screening,ข้อใดอธิบาย “Depression & Anxiety Screening” ได้ถูกต้องที่สุด?,"สมรรถนะพยาบาล RRT ครอบคลุม clinical, technology, teaching/counseling, ethics, information technology, teamwork, infection control, QI/research และ leadership",ผู้ป่วย CKD ระยะก้าวหน้ามักมีหลายอาการร่วมกัน จึงต้องประเมินสาเหตุและจัดการอย่างเป็นระบบ ไม่รักษาอาการแบบแยกส่วน,PHQ-9/GAD-7 ใช้คัดกรอง ไม่ใช่เครื่องมือยืนยันการวินิจฉัยโดยลำพัง และอาการทางกายของ CKD อาจซ้อนทับอาการทางอารมณ์,แนวทางพัฒนาคุณภาพประกอบด้วยพัฒนาศักยภาพบุคลากร ใช้ clinical guideline มาตรฐาน สร้างระบบติดตามตัวชี้วัด และเสริมทีมสหสาขาวิชาชีพ,C,หลักสำคัญ: PHQ-9/GAD-7 ใช้คัดกรอง ไม่ใช่เครื่องมือยืนยันการวินิจฉัยโดยลำพัง และอาการทางกายของ CKD อาจซ้อนทับอาการทางอารมณ์ การปฏิบัติที่สอดคล้อง: แปลผลร่วมกับการสัมภาษณ์ ความเสี่ยง และอาการทางกายของโรคไต เป้าหมาย: คัดกรองผู้มีปัญหาได้เร็วโดยลดการตีความผิดจาก symptom overlap,Self-Management CKD mental-health section
Q161,U8,2,Depression & Anxiety Screening,การปฏิบัติใดสอดคล้องกับ “Depression & Anxiety Screening” มากที่สุด?,"ประเมิน nausea, dyspnea, fatigue, pruritus และอาการอื่นร่วมกับ anemia, fluid, uremia, nutrition และยา",ประเมินช่องว่างสมรรถนะเป็นรายด้านและพัฒนาต่อเนื่อง ไม่ใช้การผ่านอบรมครั้งเดียวแทน competency,วางระบบทั้งคน มาตรฐาน ข้อมูล และทีม แทนการแก้เพียงองค์ประกอบเดียว,แปลผลร่วมกับการสัมภาษณ์ ความเสี่ยง และอาการทางกายของโรคไต,D,หลักสำคัญ: PHQ-9/GAD-7 ใช้คัดกรอง ไม่ใช่เครื่องมือยืนยันการวินิจฉัยโดยลำพัง และอาการทางกายของ CKD อาจซ้อนทับอาการทางอารมณ์ การปฏิบัติที่สอดคล้อง: แปลผลร่วมกับการสัมภาษณ์ ความเสี่ยง และอาการทางกายของโรคไต เป้าหมาย: คัดกรองผู้มีปัญหาได้เร็วโดยลดการตีความผิดจาก symptom overlap,Self-Management CKD mental-health section
Q162,U8,2,Depression & Anxiety Screening,ผลลัพธ์หรือเป้าหมายใดสัมพันธ์กับ “Depression & Anxiety Screening” โดยตรงที่สุด?,คัดกรองผู้มีปัญหาได้เร็วโดยลดการตีความผิดจาก symptom overlap,เพิ่มความปลอดภัยและคุณภาพการดูแล RRT,ลด symptom burden และเพิ่มคุณภาพชีวิต,ลดภาวะแทรกซ้อนและเพิ่มคุณภาพชีวิตผู้ป่วย,A,หลักสำคัญ: PHQ-9/GAD-7 ใช้คัดกรอง ไม่ใช่เครื่องมือยืนยันการวินิจฉัยโดยลำพัง และอาการทางกายของ CKD อาจซ้อนทับอาการทางอารมณ์ การปฏิบัติที่สอดคล้อง: แปลผลร่วมกับการสัมภาษณ์ ความเสี่ยง และอาการทางกายของโรคไต เป้าหมาย: คัดกรองผู้มีปัญหาได้เร็วโดยลดการตีความผิดจาก symptom overlap,Self-Management CKD mental-health section
Q163,U8,3,Symptom Management,ข้อใดอธิบาย “Symptom Management” ได้ถูกต้องที่สุด?,ผู้ป่วย CKD ระยะก้าวหน้ามักมีหลายอาการร่วมกัน จึงต้องประเมินสาเหตุและจัดการอย่างเป็นระบบ ไม่รักษาอาการแบบแยกส่วน,เหตุการณ์ผิดพลาดและ near miss ต้องถูกนำเข้าสู่ระบบเรียนรู้และปรับปรุง ไม่ใช่รอให้เกิดอันตรายรุนแรง,แนวทางพัฒนาคุณภาพประกอบด้วยพัฒนาศักยภาพบุคลากร ใช้ clinical guideline มาตรฐาน สร้างระบบติดตามตัวชี้วัด และเสริมทีมสหสาขาวิชาชีพ,"สมรรถนะพยาบาล RRT ครอบคลุม clinical, technology, teaching/counseling, ethics, information technology, teamwork, infection control, QI/research และ leadership",A,"หลักสำคัญ: ผู้ป่วย CKD ระยะก้าวหน้ามักมีหลายอาการร่วมกัน จึงต้องประเมินสาเหตุและจัดการอย่างเป็นระบบ ไม่รักษาอาการแบบแยกส่วน การปฏิบัติที่สอดคล้อง: ประเมิน nausea, dyspnea, fatigue, pruritus และอาการอื่นร่วมกับ anemia, fluid, uremia, nutrition และยา เป้าหมาย: ลด symptom burden และเพิ่มคุณภาพชีวิต",Self-Management CKD symptom section
Q164,U8,3,Symptom Management,การปฏิบัติใดสอดคล้องกับ “Symptom Management” มากที่สุด?,บันทึกเหตุการณ์ วิเคราะห์สาเหตุระบบ และติดตาม action ที่ป้องกันการเกิดซ้ำ,"ประเมิน nausea, dyspnea, fatigue, pruritus และอาการอื่นร่วมกับ anemia, fluid, uremia, nutrition และยา",วางระบบทั้งคน มาตรฐาน ข้อมูล และทีม แทนการแก้เพียงองค์ประกอบเดียว,ประเมินช่องว่างสมรรถนะเป็นรายด้านและพัฒนาต่อเนื่อง ไม่ใช้การผ่านอบรมครั้งเดียวแทน competency,B,"หลักสำคัญ: ผู้ป่วย CKD ระยะก้าวหน้ามักมีหลายอาการร่วมกัน จึงต้องประเมินสาเหตุและจัดการอย่างเป็นระบบ ไม่รักษาอาการแบบแยกส่วน การปฏิบัติที่สอดคล้อง: ประเมิน nausea, dyspnea, fatigue, pruritus และอาการอื่นร่วมกับ anemia, fluid, uremia, nutrition และยา เป้าหมาย: ลด symptom burden และเพิ่มคุณภาพชีวิต",Self-Management CKD symptom section
Q165,U8,3,Symptom Management,ผลลัพธ์หรือเป้าหมายใดสัมพันธ์กับ “Symptom Management” โดยตรงที่สุด?,ลดภาวะแทรกซ้อนและเพิ่มคุณภาพชีวิตผู้ป่วย,ลด recurrence และสร้าง safety culture,ลด symptom burden และเพิ่มคุณภาพชีวิต,เพิ่มความปลอดภัยและคุณภาพการดูแล RRT,C,"หลักสำคัญ: ผู้ป่วย CKD ระยะก้าวหน้ามักมีหลายอาการร่วมกัน จึงต้องประเมินสาเหตุและจัดการอย่างเป็นระบบ ไม่รักษาอาการแบบแยกส่วน การปฏิบัติที่สอดคล้อง: ประเมิน nausea, dyspnea, fatigue, pruritus และอาการอื่นร่วมกับ anemia, fluid, uremia, nutrition และยา เป้าหมาย: ลด symptom burden และเพิ่มคุณภาพชีวิต",Self-Management CKD symptom section
Q166,U8,4,RRT Nurse Competency,ข้อใดอธิบาย “RRT Nurse Competency” ได้ถูกต้องที่สุด?,เหตุการณ์ผิดพลาดและ near miss ต้องถูกนำเข้าสู่ระบบเรียนรู้และปรับปรุง ไม่ใช่รอให้เกิดอันตรายรุนแรง,"สมรรถนะพยาบาล RRT ครอบคลุม clinical, technology, teaching/counseling, ethics, information technology, teamwork, infection control, QI/research และ leadership","การประเมินผลควรมอง Clinical Excellence, Patient Experience และ Safety/Risk พร้อมกัน",แนวทางพัฒนาคุณภาพประกอบด้วยพัฒนาศักยภาพบุคลากร ใช้ clinical guideline มาตรฐาน สร้างระบบติดตามตัวชี้วัด และเสริมทีมสหสาขาวิชาชีพ,B,"หลักสำคัญ: สมรรถนะพยาบาล RRT ครอบคลุม clinical, technology, teaching/counseling, ethics, information technology, teamwork, infection control, QI/research และ leadership การปฏิบัติที่สอดคล้อง: ประเมินช่องว่างสมรรถนะเป็นรายด้านและพัฒนาต่อเนื่อง ไม่ใช้การผ่านอบรมครั้งเดียวแทน competency เป้าหมาย: เพิ่มความปลอดภัยและคุณภาพการดูแล RRT",RRT Nurse Competency 2026 pp.1–6
Q167,U8,4,RRT Nurse Competency,การปฏิบัติใดสอดคล้องกับ “RRT Nurse Competency” มากที่สุด?,ประเมินช่องว่างสมรรถนะเป็นรายด้านและพัฒนาต่อเนื่อง ไม่ใช้การผ่านอบรมครั้งเดียวแทน competency,"อย่าตัดสินคุณภาพจาก adequacy ดีเพียงตัวเดียว หาก infection, experience หรือ safety ยังมีปัญหา",บันทึกเหตุการณ์ วิเคราะห์สาเหตุระบบ และติดตาม action ที่ป้องกันการเกิดซ้ำ,วางระบบทั้งคน มาตรฐาน ข้อมูล และทีม แทนการแก้เพียงองค์ประกอบเดียว,A,"หลักสำคัญ: สมรรถนะพยาบาล RRT ครอบคลุม clinical, technology, teaching/counseling, ethics, information technology, teamwork, infection control, QI/research และ leadership การปฏิบัติที่สอดคล้อง: ประเมินช่องว่างสมรรถนะเป็นรายด้านและพัฒนาต่อเนื่อง ไม่ใช้การผ่านอบรมครั้งเดียวแทน competency เป้าหมาย: เพิ่มความปลอดภัยและคุณภาพการดูแล RRT",RRT Nurse Competency 2026 pp.1–6
Q168,U8,4,RRT Nurse Competency,ผลลัพธ์หรือเป้าหมายใดสัมพันธ์กับ “RRT Nurse Competency” โดยตรงที่สุด?,เพิ่มความปลอดภัยและคุณภาพการดูแล RRT,ลด recurrence และสร้าง safety culture,ลดภาวะแทรกซ้อนและเพิ่มคุณภาพชีวิตผู้ป่วย,ได้ภาพคุณภาพที่สมดุลและสะท้อนผลต่อผู้ป่วยจริง,A,"หลักสำคัญ: สมรรถนะพยาบาล RRT ครอบคลุม clinical, technology, teaching/counseling, ethics, information technology, teamwork, infection control, QI/research และ leadership การปฏิบัติที่สอดคล้อง: ประเมินช่องว่างสมรรถนะเป็นรายด้านและพัฒนาต่อเนื่อง ไม่ใช้การผ่านอบรมครั้งเดียวแทน competency เป้าหมาย: เพิ่มความปลอดภัยและคุณภาพการดูแล RRT",RRT Nurse Competency 2026 pp.1–6
Q169,U8,5,Quality Development 4 Approaches,ข้อใดอธิบาย “Quality Development 4 Approaches” ได้ถูกต้องที่สุด?,เหตุการณ์ผิดพลาดและ near miss ต้องถูกนำเข้าสู่ระบบเรียนรู้และปรับปรุง ไม่ใช่รอให้เกิดอันตรายรุนแรง,ข้อมูลมีคุณค่าเมื่อเปลี่ยนเป็นการคัดกรองความเสี่ยง การประชุม case/system review และ next action ที่มี owner,"การประเมินผลควรมอง Clinical Excellence, Patient Experience และ Safety/Risk พร้อมกัน",แนวทางพัฒนาคุณภาพประกอบด้วยพัฒนาศักยภาพบุคลากร ใช้ clinical guideline มาตรฐาน สร้างระบบติดตามตัวชี้วัด และเสริมทีมสหสาขาวิชาชีพ,D,หลักสำคัญ: แนวทางพัฒนาคุณภาพประกอบด้วยพัฒนาศักยภาพบุคลากร ใช้ clinical guideline มาตรฐาน สร้างระบบติดตามตัวชี้วัด และเสริมทีมสหสาขาวิชาชีพ การปฏิบัติที่สอดคล้อง: วางระบบทั้งคน มาตรฐาน ข้อมูล และทีม แทนการแก้เพียงองค์ประกอบเดียว เป้าหมาย: ลดภาวะแทรกซ้อนและเพิ่มคุณภาพชีวิตผู้ป่วย,RRT Nurse Competency 2026 abstract
Q170,U8,5,Quality Development 4 Approaches,การปฏิบัติใดสอดคล้องกับ “Quality Development 4 Approaches” มากที่สุด?,กำหนด trigger → responsible role → action → follow-up ทุกครั้งที่พบข้อมูลผิดปกติ,"อย่าตัดสินคุณภาพจาก adequacy ดีเพียงตัวเดียว หาก infection, experience หรือ safety ยังมีปัญหา",บันทึกเหตุการณ์ วิเคราะห์สาเหตุระบบ และติดตาม action ที่ป้องกันการเกิดซ้ำ,วางระบบทั้งคน มาตรฐาน ข้อมูล และทีม แทนการแก้เพียงองค์ประกอบเดียว,D,หลักสำคัญ: แนวทางพัฒนาคุณภาพประกอบด้วยพัฒนาศักยภาพบุคลากร ใช้ clinical guideline มาตรฐาน สร้างระบบติดตามตัวชี้วัด และเสริมทีมสหสาขาวิชาชีพ การปฏิบัติที่สอดคล้อง: วางระบบทั้งคน มาตรฐาน ข้อมูล และทีม แทนการแก้เพียงองค์ประกอบเดียว เป้าหมาย: ลดภาวะแทรกซ้อนและเพิ่มคุณภาพชีวิตผู้ป่วย,RRT Nurse Competency 2026 abstract
Q171,U8,5,Quality Development 4 Approaches,ผลลัพธ์หรือเป้าหมายใดสัมพันธ์กับ “Quality Development 4 Approaches” โดยตรงที่สุด?,ได้ภาพคุณภาพที่สมดุลและสะท้อนผลต่อผู้ป่วยจริง,ลด recurrence และสร้าง safety culture,ลดภาวะแทรกซ้อนและเพิ่มคุณภาพชีวิตผู้ป่วย,ลด dashboard ที่มีแต่ตัวเลขแต่ไม่เกิดการเปลี่ยนแปลงในการดูแล,C,หลักสำคัญ: แนวทางพัฒนาคุณภาพประกอบด้วยพัฒนาศักยภาพบุคลากร ใช้ clinical guideline มาตรฐาน สร้างระบบติดตามตัวชี้วัด และเสริมทีมสหสาขาวิชาชีพ การปฏิบัติที่สอดคล้อง: วางระบบทั้งคน มาตรฐาน ข้อมูล และทีม แทนการแก้เพียงองค์ประกอบเดียว เป้าหมาย: ลดภาวะแทรกซ้อนและเพิ่มคุณภาพชีวิตผู้ป่วย,RRT Nurse Competency 2026 abstract
Q172,U8,6,Incident & Risk Learning,ข้อใดอธิบาย “Incident & Risk Learning” ได้ถูกต้องที่สุด?,ข้อมูลมีคุณค่าเมื่อเปลี่ยนเป็นการคัดกรองความเสี่ยง การประชุม case/system review และ next action ที่มี owner,การประเมินผู้ป่วยโรคไตต้องครอบคลุมความเครียด ซึมเศร้า ความเชื่อ บทบาทครอบครัว การสนับสนุน และอุปสรรคทางสังคม,"การประเมินผลควรมอง Clinical Excellence, Patient Experience และ Safety/Risk พร้อมกัน",เหตุการณ์ผิดพลาดและ near miss ต้องถูกนำเข้าสู่ระบบเรียนรู้และปรับปรุง ไม่ใช่รอให้เกิดอันตรายรุนแรง,D,หลักสำคัญ: เหตุการณ์ผิดพลาดและ near miss ต้องถูกนำเข้าสู่ระบบเรียนรู้และปรับปรุง ไม่ใช่รอให้เกิดอันตรายรุนแรง การปฏิบัติที่สอดคล้อง: บันทึกเหตุการณ์ วิเคราะห์สาเหตุระบบ และติดตาม action ที่ป้องกันการเกิดซ้ำ เป้าหมาย: ลด recurrence และสร้าง safety culture,Primary Nursing Quality Assurance / Care Management Risk
Q173,U8,6,Incident & Risk Learning,การปฏิบัติใดสอดคล้องกับ “Incident & Risk Learning” มากที่สุด?,"อย่าตัดสินคุณภาพจาก adequacy ดีเพียงตัวเดียว หาก infection, experience หรือ safety ยังมีปัญหา",กำหนด trigger → responsible role → action → follow-up ทุกครั้งที่พบข้อมูลผิดปกติ,บันทึกเหตุการณ์ วิเคราะห์สาเหตุระบบ และติดตาม action ที่ป้องกันการเกิดซ้ำ,ใช้การสนทนาและเครื่องมือคัดกรองเป็นส่วนหนึ่งของการประเมิน ไม่ใช้คะแนนแทนการประเมินทั้งหมด,C,หลักสำคัญ: เหตุการณ์ผิดพลาดและ near miss ต้องถูกนำเข้าสู่ระบบเรียนรู้และปรับปรุง ไม่ใช่รอให้เกิดอันตรายรุนแรง การปฏิบัติที่สอดคล้อง: บันทึกเหตุการณ์ วิเคราะห์สาเหตุระบบ และติดตาม action ที่ป้องกันการเกิดซ้ำ เป้าหมาย: ลด recurrence และสร้าง safety culture,Primary Nursing Quality Assurance / Care Management Risk
Q174,U8,6,Incident & Risk Learning,ผลลัพธ์หรือเป้าหมายใดสัมพันธ์กับ “Incident & Risk Learning” โดยตรงที่สุด?,ได้ภาพคุณภาพที่สมดุลและสะท้อนผลต่อผู้ป่วยจริง,พบปัจจัยที่กระทบ adherence คุณภาพชีวิต และความเป็นไปได้ของแผนรักษา,ลด recurrence และสร้าง safety culture,ลด dashboard ที่มีแต่ตัวเลขแต่ไม่เกิดการเปลี่ยนแปลงในการดูแล,C,หลักสำคัญ: เหตุการณ์ผิดพลาดและ near miss ต้องถูกนำเข้าสู่ระบบเรียนรู้และปรับปรุง ไม่ใช่รอให้เกิดอันตรายรุนแรง การปฏิบัติที่สอดคล้อง: บันทึกเหตุการณ์ วิเคราะห์สาเหตุระบบ และติดตาม action ที่ป้องกันการเกิดซ้ำ เป้าหมาย: ลด recurrence และสร้าง safety culture,Primary Nursing Quality Assurance / Care Management Risk
Q175,U8,7,Integrated Outcome Domains,ข้อใดอธิบาย “Integrated Outcome Domains” ได้ถูกต้องที่สุด?,"การประเมินผลควรมอง Clinical Excellence, Patient Experience และ Safety/Risk พร้อมกัน",PHQ-9/GAD-7 ใช้คัดกรอง ไม่ใช่เครื่องมือยืนยันการวินิจฉัยโดยลำพัง และอาการทางกายของ CKD อาจซ้อนทับอาการทางอารมณ์,การประเมินผู้ป่วยโรคไตต้องครอบคลุมความเครียด ซึมเศร้า ความเชื่อ บทบาทครอบครัว การสนับสนุน และอุปสรรคทางสังคม,ข้อมูลมีคุณค่าเมื่อเปลี่ยนเป็นการคัดกรองความเสี่ยง การประชุม case/system review และ next action ที่มี owner,A,"หลักสำคัญ: การประเมินผลควรมอง Clinical Excellence, Patient Experience และ Safety/Risk พร้อมกัน การปฏิบัติที่สอดคล้อง: อย่าตัดสินคุณภาพจาก adequacy ดีเพียงตัวเดียว หาก infection, experience หรือ safety ยังมีปัญหา เป้าหมาย: ได้ภาพคุณภาพที่สมดุลและสะท้อนผลต่อผู้ป่วยจริง",Primary Nursing KPI section
Q176,U8,7,Integrated Outcome Domains,การปฏิบัติใดสอดคล้องกับ “Integrated Outcome Domains” มากที่สุด?,แปลผลร่วมกับการสัมภาษณ์ ความเสี่ยง และอาการทางกายของโรคไต,"อย่าตัดสินคุณภาพจาก adequacy ดีเพียงตัวเดียว หาก infection, experience หรือ safety ยังมีปัญหา",กำหนด trigger → responsible role → action → follow-up ทุกครั้งที่พบข้อมูลผิดปกติ,ใช้การสนทนาและเครื่องมือคัดกรองเป็นส่วนหนึ่งของการประเมิน ไม่ใช้คะแนนแทนการประเมินทั้งหมด,B,"หลักสำคัญ: การประเมินผลควรมอง Clinical Excellence, Patient Experience และ Safety/Risk พร้อมกัน การปฏิบัติที่สอดคล้อง: อย่าตัดสินคุณภาพจาก adequacy ดีเพียงตัวเดียว หาก infection, experience หรือ safety ยังมีปัญหา เป้าหมาย: ได้ภาพคุณภาพที่สมดุลและสะท้อนผลต่อผู้ป่วยจริง",Primary Nursing KPI section
Q177,U8,7,Integrated Outcome Domains,ผลลัพธ์หรือเป้าหมายใดสัมพันธ์กับ “Integrated Outcome Domains” โดยตรงที่สุด?,พบปัจจัยที่กระทบ adherence คุณภาพชีวิต และความเป็นไปได้ของแผนรักษา,ได้ภาพคุณภาพที่สมดุลและสะท้อนผลต่อผู้ป่วยจริง,คัดกรองผู้มีปัญหาได้เร็วโดยลดการตีความผิดจาก symptom overlap,ลด dashboard ที่มีแต่ตัวเลขแต่ไม่เกิดการเปลี่ยนแปลงในการดูแล,B,"หลักสำคัญ: การประเมินผลควรมอง Clinical Excellence, Patient Experience และ Safety/Risk พร้อมกัน การปฏิบัติที่สอดคล้อง: อย่าตัดสินคุณภาพจาก adequacy ดีเพียงตัวเดียว หาก infection, experience หรือ safety ยังมีปัญหา เป้าหมาย: ได้ภาพคุณภาพที่สมดุลและสะท้อนผลต่อผู้ป่วยจริง",Primary Nursing KPI section
Q178,U8,8,From Data to Action,ข้อใดอธิบาย “From Data to Action” ได้ถูกต้องที่สุด?,ผู้ป่วย CKD ระยะก้าวหน้ามักมีหลายอาการร่วมกัน จึงต้องประเมินสาเหตุและจัดการอย่างเป็นระบบ ไม่รักษาอาการแบบแยกส่วน,ข้อมูลมีคุณค่าเมื่อเปลี่ยนเป็นการคัดกรองความเสี่ยง การประชุม case/system review และ next action ที่มี owner,PHQ-9/GAD-7 ใช้คัดกรอง ไม่ใช่เครื่องมือยืนยันการวินิจฉัยโดยลำพัง และอาการทางกายของ CKD อาจซ้อนทับอาการทางอารมณ์,การประเมินผู้ป่วยโรคไตต้องครอบคลุมความเครียด ซึมเศร้า ความเชื่อ บทบาทครอบครัว การสนับสนุน และอุปสรรคทางสังคม,B,หลักสำคัญ: ข้อมูลมีคุณค่าเมื่อเปลี่ยนเป็นการคัดกรองความเสี่ยง การประชุม case/system review และ next action ที่มี owner การปฏิบัติที่สอดคล้อง: กำหนด trigger → responsible role → action → follow-up ทุกครั้งที่พบข้อมูลผิดปกติ เป้าหมาย: ลด dashboard ที่มีแต่ตัวเลขแต่ไม่เกิดการเปลี่ยนแปลงในการดูแล,Shared Decision Tools + Care Management
Q179,U8,8,From Data to Action,การปฏิบัติใดสอดคล้องกับ “From Data to Action” มากที่สุด?,แปลผลร่วมกับการสัมภาษณ์ ความเสี่ยง และอาการทางกายของโรคไต,"ประเมิน nausea, dyspnea, fatigue, pruritus และอาการอื่นร่วมกับ anemia, fluid, uremia, nutrition และยา",ใช้การสนทนาและเครื่องมือคัดกรองเป็นส่วนหนึ่งของการประเมิน ไม่ใช้คะแนนแทนการประเมินทั้งหมด,กำหนด trigger → responsible role → action → follow-up ทุกครั้งที่พบข้อมูลผิดปกติ,D,หลักสำคัญ: ข้อมูลมีคุณค่าเมื่อเปลี่ยนเป็นการคัดกรองความเสี่ยง การประชุม case/system review และ next action ที่มี owner การปฏิบัติที่สอดคล้อง: กำหนด trigger → responsible role → action → follow-up ทุกครั้งที่พบข้อมูลผิดปกติ เป้าหมาย: ลด dashboard ที่มีแต่ตัวเลขแต่ไม่เกิดการเปลี่ยนแปลงในการดูแล,Shared Decision Tools + Care Management
Q180,U8,8,From Data to Action,ผลลัพธ์หรือเป้าหมายใดสัมพันธ์กับ “From Data to Action” โดยตรงที่สุด?,คัดกรองผู้มีปัญหาได้เร็วโดยลดการตีความผิดจาก symptom overlap,ลด dashboard ที่มีแต่ตัวเลขแต่ไม่เกิดการเปลี่ยนแปลงในการดูแล,พบปัจจัยที่กระทบ adherence คุณภาพชีวิต และความเป็นไปได้ของแผนรักษา,ลด symptom burden และเพิ่มคุณภาพชีวิต,B,หลักสำคัญ: ข้อมูลมีคุณค่าเมื่อเปลี่ยนเป็นการคัดกรองความเสี่ยง การประชุม case/system review และ next action ที่มี owner การปฏิบัติที่สอดคล้อง: กำหนด trigger → responsible role → action → follow-up ทุกครั้งที่พบข้อมูลผิดปกติ เป้าหมาย: ลด dashboard ที่มีแต่ตัวเลขแต่ไม่เกิดการเปลี่ยนแปลงในการดูแล,Shared Decision Tools + Care Management
